Indoor,,,,,,,,,,,,,,,,,,,,,,,,,,,,,,,,,,,,,,,,,,,,,,,,,,,,,,,,,,,,,,,,,,,,,,,,,,,,,,,,,,,,,,,,,,,,,,,,,,,,,,,,,,,,,,,,,,,,,,,,,,,,,,,,,,,,,,,,,,,,,,,,,,,,,,,,,,,,,,,,,,,,,,,,,,,,,,,,,,,,,,,,,,,,,,,,,,,,,,,,,,,,,,,,,,,,,,,,
Distance (m),Transmit Power (dBm),RSSI (dBm), Variance, Std.  Deviation , Std. Error,95% Confidence Interval,CONFIDENCE,Alpha,Size,Loss ,PL Setting (TX Power Level),,Packet sent,PLR,,,Sample 1,,,,,,,,,,,,,,,,,,,,,,,,,,,,,,,,,,,,,,,,,,,,,,,,,,,,,,,,,,,,,,,,,,,,,,,,,,,,,,,,,,,,,,,,,,,,,,,,,,,,,,,,,,,,,,,,,,,,,,,,,,,,,,,,,,,,,,,,,,,,,,,,,,,,,,,,,,,,,,,,,,,,,,,,,,,,,,,,,,,,,,,,,,,,,,,,,,,,,,,
0,18,-40,0,0,0,#NUM!,#NUM!,0.05,200,0,4,TX Power 24 dBm,200,0,,,-40,-40,-40,-40,-40,-40,-40,-40,-40,-40,-40,-40,-40,-40,-40,-40,-40,-40,-40,-40,-40,-40,-40,-40,-40,-40,-40,-40,-40,-40,-40,-40,-40,-40,-40,-40,-40,-40,-40,-40,-40,-40,-40,-40,-40,-40,-40,-40,-40,-40,-40,-40,-40,-40,-40,-40,-40,-40,-40,-40,-40,-40,-40,-40,-40,-40,-40,-40,-40,-40,-40,-40,-40,-40,-40,-40,-40,-40,-40,-40,-40,-40,-40,-40,-40,-40,-40,-40,-40,-40,-40,-40,-40,-40,-40,-40,-40,-40,-40,-40,-40,-40,-40,-40,-40,-40,-40,-40,-40,-40,-40,-40,-40,-40,-40,-40,-40,-40,-40,-40,-40,-40,-40,-40,-40,-40,-40,-40,-40,-40,-40,-40,-40,-40,-40,-40,-40,-40,-40,-40,-40,-40,-40,-40,-40,-40,-40,-40,-40,-40,-40,-40,-40,-40,-40,-40,-40,-40,-40,-40,-40,-40,-40,-40,-40,-40,-40,-40,-40,-40,-40,-40,-40,-40,-40,-40,-40,-40,-40,-40,-40,-40,-40,-40,-40,-40,-40,-40,-40,-40,-40,-40,-40,-40,-40,-40,-40,-40,-40,-40
10,18,-61.975,22.84861809,4.780022813,0.337998655,"(-62.64, -61.31)",0.66246519,0.05,200,0,4,,200,0,,,-62,-60,-74,-59,-64,-59,-60,-61,-62,-61,-61,-78,-59,-62,-60,-60,-59,-63,-60,-66,-63,-70,-63,-61,-59,-58,-61,-60,-59,-57,-60,-63,-73,-59,-62,-59,-59,-62,-59,-60,-59,-61,-60,-68,-64,-70,-62,-63,-59,-58,-60,-59,-58,-57,-60,-76,-62,-73,-60,-61,-59,-60,-59,-63,-74,-63,-64,-59,-58,-61,-59,-58,-57,-61,-63,-76,-60,-62,-59,-59,-59,-64,-60,-64,-64,-71,-63,-64,-59,-58,-61,-60,-59,-58,-57,-78,-61,-76,-62,-59,-63,-60,-60,-59,-63,-60,-65,-63,-71,-63,-64,-59,-58,-61,-59,-59,-56,-72,-58,-63,-59,-59,-60,-63,-60,-64,-63,-71,-62,-63,-59,-57,-78,-61,-59,-58,-56,-60,-61,-59,-59,-58,-59,-60,-62,-60,-62,-63,-74,-62,-64,-59,-57,-60,-60,-59,-58,-70,-75,-61,-61,-60,-62,-60,-59,-58,-63,-71,-64,-60,-68,-60,-59,-59,-61,-59,-62,-59,-62,-61,-60,-57,-58,-68,-57,-59,-59,-57,-69,-77,-58,-60,-75,-60,-59,-60,-62,-60,-63,-61
20,18,-69.56,20.00643216,4.472855035,0.316278613,"(-70.18, -68.94)",0.61989469,0.05,200,0,4,,200,0,,,-72,-66,-63,-61,-61,-80,-73,-74,-70,-74,-72,-70,-65,-71,-71,-66,-68,-77,-71,-65,-70,-70,-73,-69,-63,-65,-63,-62,-74,-75,-76,-69,-65,-75,-73,-70,-71,-72,-65,-72,-67,-69,-74,-62,-65,-62,-62,-74,-71,-75,-69,-66,-73,-71,-69,-70,-75,-74,-65,-71,-69,-70,-75,-74,-73,-62,-66,-63,-74,-61,-75,-72,-71,-77,-75,-70,-68,-72,-70,-71,-74,-74,-67,-69,-67,-68,-72,-62,-61,-65,-62,-62,-67,-72,-75,-77,-73,-66,-71,-74,-68,-69,-72,-78,-75,-65,-74,-65,-68,-73,-69,-62,-63,-61,-71,-62,-73,-73,-74,-74,-63,-63,-63,-71,-61,-77,-77,-75,-73,-71,-68,-78,-71,-66,-70,-70,-69,-65,-75,-69,-73,-71,-70,-63,-68,-63,-73,-74,-75,-74,-72,-63,-74,-69,-70,-70,-73,-66,-71,-68,-71,-71,-67,-69,-66,-63,-71,-61,-69,-75,-71,-74,-74,-66,-74,-74,-71,-75,-64,-70,-69,-74,-73,-68,-68,-64,-63,-75,-62,-77,-73,-69,-69,-67,-67,-70,-67,-67,-69,-69
30,18,-72.5,6.190954774,2.488162932,0.175939688,"(-72.84, -72.16)",0.344835452,0.05,200,0,4,,200,0,,,-73,-75,-77,-71,-75,-72,-72,-70,-75,-69,-70,-73,-74,-76,-77,-69,-74,-78,-73,-70,-78,-69,-72,-72,-73,-69,-70,-69,-70,-70,-75,-73,-76,-77,-70,-73,-70,-71,-70,-73,-72,-75,-71,-69,-71,-73,-74,-74,-71,-72,-73,-72,-79,-70,-71,-70,-74,-69,-75,-72,-69,-70,-71,-72,-75,-77,-73,-69,-72,-73,-72,-77,-71,-71,-71,-68,-69,-68,-70,-75,-70,-76,-75,-75,-70,-74,-74,-72,-71,-72,-74,-72,-74,-74,-70,-73,-73,-72,-72,-73,-71,-70,-70,-68,-71,-74,-71,-78,-75,-69,-73,-72,-71,-72,-71,-71,-77,-72,-71,-71,-74,-71,-77,-71,-69,-71,-72,-73,-77,-76,-75,-71,-75,-74,-71,-78,-71,-70,-71,-75,-70,-70,-69,-70,-79,-76,-74,-72,-75,-75,-72,-71,-71,-71,-74,-70,-78,-70,-69,-70,-73,-75,-77,-75,-71,-74,-72,-71,-71,-71,-74,-70,-72,-73,-75,-76,-71,-74,-73,-72,-71,-71,-72,-74,-70,-77,-71,-69,-71,-72,-73,-77,-75,-75,-70,-73,-74,-73,-72,-75
40,18,-75.89304813,3.257317003,1.804803868,0.13198033,"(-76.15, -75.63)",0.258676693,0.05,187,13,4,,200,0.065,,,-77,-77,-76,-76,-76,-76,-76,-76,-76,-76,-76,-76,-76,-76,-76,-76,-76,-76,-76,-76,-76,-76,-76,-76,-76,-76,-76,-76,-76,-76,-76,-76,-76,-76,-76,-76,-76,-76,-76,-76,-76,-76,-76,-76,-76,-76,-76,-75,-75,-75,-75,-75,-75,-75,-75,-75,-75,-75,-75,-75,-75,-75,-75,-75,-75,-75,-75,-75,-74,-74,-74,-74,-74,-74,-74,-74,-74,-74,-76,-76,-76,-77,-77,-78,-78,-77,-77,-77,-74,-74,-74,-73,-73,-74,-74,-74,-74,-78,-73,-77,-76,-77,-79,-78,-73,-72,-74,-73,-79,-77,-72,-73,-72,-76,-80,-72,-73,-72,-76,-79,-72,-78,-79,-72,-77,-75,-78,-78,-78,-78,-72,-78,-76,-78,-78,-76,-79,-79,-78,-76,-76,-77,-75,-72,-79,-75,-78,-75,-75,-77,-76,-81,-76,-74,-79,-74,-76,-75,-77,-75,-77,-76,-75,-75,-77,-75,-76,-80,-77,-76,-77,-78,-74,-76,-80,-78,-81,-78,-75,-77,-77,-78,-77,-76,-79,-79,-78,,,,,,,,,,,,,
50,18,-77.05524862,5.47470841,2.339809482,0.173916669,"(-77.4, -76.71)",0.340870408,0.05,181,19,4,,200,0.095,,,-82,-77,-76,-83,-74,-77,-75,-78,-78,-75,-76,-79,-74,-76,-77,-79,-78,-75,-78,-79,-75,-80,-77,-79,-76,-75,-73,-76,-77,-79,-76,-78,-77,-79,-73,-78,-76,-79,-79,-79,-80,-76,-80,-81,-79,-76,-73,-75,-77,-77,-75,-78,-76,-79,-79,-81,-79,-75,-73,-76,-79,-78,-77,-72,-80,-77,-75,-76,-81,-77,-77,-74,-76,-72,-77,-75,-76,-77,-79,-80,-78,-78,-78,-77,-73,-79,-75,-77,-80,-75,-79,-78,-74,-75,-80,-77,-80,-78,-78,-77,-79,-73,-74,-79,-75,-77,-79,-74,-73,-79,-76,-75,-81,-75,-79,-77,-75,-77,-78,-77,-81,-78,-81,-79,-76,-79,-76,-79,-79,-76,-76,-77,-75,-76,-74,-75,-80,-80,-79,-82,-76,-80,-76,-77,-80,-75,-79,-76,-77,-82,-75,-75,-80,-73,-74,-77,-79,-77,-76,-76,-78,-79,-76,-75,-74,-79,-81,-77,-75,-75,-78,-71,-75,-80,-74,-81,-77,-75,-75,-78,-71,,,,,,,,,,,,,,,,,,,
60,18,,,,,,,0.05,4,196,4,,200,,,,-77,-80,-78,-80,,,,,,,,,,,,,,,,,,,,,,,,,,,,,,,,,,,,,,,,,,,,,,,,,,,,,,,,,,,,,,,,,,,,,,,,,,,,,,,,,,,,,,,,,,,,,,,,,,,,,,,,,,,,,,,,,,,,,,,,,,,,,,,,,,,,,,,,,,,,,,,,,,,,,,,,,,,,,,,,,,,,,,,,,,,,,,,,,,,,,,,,,,,,,,,,,,,,
,,,,,,,,,,,,,,,,,,,,,,,,,,,,,,,,,,,,,,,,,,,,,,,,,,,,,,,,,,,,,,,,,,,,,,,,,,,,,,,,,,,,,,,,,,,,,,,,,,,,,,,,,,,,,,,,,,,,,,,,,,,,,,,,,,,,,,,,,,,,,,,,,,,,,,,,,,,,,,,,,,,,,,,,,,,,,,,,,,,,,,,,,,,,,,,,,,,,,,,,,,,,,,,,,,,,,,,,
Street,,,,,,,,,,,,,,,,,,,,,,,,,,,,,,,,,,,,,,,,,,,,,,,,,,,,,,,,,,,,,,,,,,,,,,,,,,,,,,,,,,,,,,,,,,,,,,,,,,,,,,,,,,,,,,,,,,,,,,,,,,,,,,,,,,,,,,,,,,,,,,,,,,,,,,,,,,,,,,,,,,,,,,,,,,,,,,,,,,,,,,,,,,,,,,,,,,,,,,,,,,,,,,,,,,,,,,,,
Distance (m),Transmit Power (dBm),RSSI (dBm), Variance, Std.  Deviation , Std. Error,95% Confidence Interval,CONFIDENCE,Alpha,Size,Loss ,PL Setting (TX Power Level),,Packet sent,PLR,,,Sample 1,2,3,4,5,6,7,8,9,10,11,12,13,14,15,16,17,18,19,20,21,22,23,24,25,26,27,28,29,30,31,32,33,34,35,36,37,38,39,40,41,42,43,44,45,46,47,48,49,50,51,52,53,54,55,56,57,58,59,60,61,62,63,64,65,66,67,68,69,70,71,72,73,74,75,76,77,78,79,80,81,82,83,84,85,86,87,88,89,90,91,92,93,94,95,96,97,98,99,100,101,102,103,104,105,106,107,108,109,110,111,112,113,114,115,116,117,118,119,120,121,122,123,124,125,126,127,128,129,130,131,132,133,134,135,136,137,138,139,140,141,142,143,144,145,146,147,148,149,150,151,152,153,154,155,156,157,158,159,160,161,162,163,164,165,166,167,168,169,170,171,172,173,174,175,176,177,178,179,180,181,182,183,184,185,186,187,188,189,190,191,192,193,194,195,196,197,198,199,200
0,24,-40,0,0,0,#NUM!,#NUM!,0.05,200,0,4,TX Power 24 dBm,200,0,,,-40,-40,-40,-40,-40,-40,-40,-40,-40,-40,-40,-40,-40,-40,-40,-40,-40,-40,-40,-40,-40,-40,-40,-40,-40,-40,-40,-40,-40,-40,-40,-40,-40,-40,-40,-40,-40,-40,-40,-40,-40,-40,-40,-40,-40,-40,-40,-40,-40,-40,-40,-40,-40,-40,-40,-40,-40,-40,-40,-40,-40,-40,-40,-40,-40,-40,-40,-40,-40,-40,-40,-40,-40,-40,-40,-40,-40,-40,-40,-40,-40,-40,-40,-40,-40,-40,-40,-40,-40,-40,-40,-40,-40,-40,-40,-40,-40,-40,-40,-40,-40,-40,-40,-40,-40,-40,-40,-40,-40,-40,-40,-40,-40,-40,-40,-40,-40,-40,-40,-40,-40,-40,-40,-40,-40,-40,-40,-40,-40,-40,-40,-40,-40,-40,-40,-40,-40,-40,-40,-40,-40,-40,-40,-40,-40,-40,-40,-40,-40,-40,-40,-40,-40,-40,-40,-40,-40,-40,-40,-40,-40,-40,-40,-40,-40,-40,-40,-40,-40,-40,-40,-40,-40,-40,-40,-40,-40,-40,-40,-40,-40,-40,-40,-40,-40,-40,-40,-40,-40,-40,-40,-40,-40,-40,-40,-40,-40,-40,-40,-40
50,24,-57.32,38.60060302,6.212938356,0.439321084,"(-58.18, -56.46)",0.861053503,0.05,200,0,4,,200,0,,,-60,-53,-67,-58,-62,-54,-52,-64,-54,-53,-52,-52,-57,-53,-62,-54,-64,-59,-58,-53,-51,-67,-52,-53,-52,-52,-73,-54,-57,-69,-53,-56,-54,-52,-54,-56,-53,-66,-72,-53,-52,-73,-53,-54,-53,-52,-52,-55,-53,-58,-54,-73,-55,-59,-53,-52,-67,-53,-54,-52,-51,-63,-68,-52,-55,-57,-54,-58,-57,-53,-59,-53,-53,-55,-52,-53,-53,-61,-71,-53,-73,-55,-75,-53,-56,-53,-53,-55,-57,-54,-57,-57,-71,-56,-53,-61,-54,-66,-53,-55,-53,-54,-66,-52,-53,-53,-52,-64,-53,-69,-53,-54,-58,-54,-53,-53,-53,-53,-60,-57,-64,-63,-56,-58,-54,-55,-62,-53,-56,-54,-51,-79,-56,-70,-54,-67,-55,-55,-54,-54,-57,-55,-53,-57,-55,-67,-56,-62,-53,-70,-54,-53,-53,-53,-70,-73,-53,-68,-52,-73,-54,-56,-53,-54,-55,-55,-53,-62,-56,-62,-58,-58,-53,-53,-68,-54,-54,-57,-52,-58,-57,-64,-57,-60,-53,-54,-70,-54,-53,-53,-52,-69,-53,-71,-54,-64,-53,-54,-53,-52
100,24,-63.915,23.33444724,4.830574214,0.341573178,"(-64.58, -63.25)",0.669471128,0.05,200,0,4,,200,0,,,-64,-53,-64,-66,-73,-60,-65,-59,-63,-66,-64,-60,-63,-59,-69,-58,-58,-63,-69,-63,-62,-70,-69,-66,-72,-61,-59,-59,-58,-61,-57,-73,-68,-73,-61,-68,-65,-69,-69,-63,-58,-59,-57,-66,-55,-71,-74,-61,-68,-59,-65,-65,-59,-63,-66,-63,-61,-69,-69,-74,-66,-62,-57,-70,-58,-63,-62,-58,-62,-65,-63,-62,-72,-65,-67,-69,-59,-59,-60,-58,-64,-57,-72,-65,-65,-62,-63,-57,-64,-60,-54,-65,-58,-60,-58,-63,-57,-71,-66,-69,-72,-58,-72,-58,-66,-62,-58,-63,-67,-61,-66,-76,-66,-63,-63,-62,-60,-60,-62,-66,-63,-63,-70,-63,-63,-63,-58,-59,-60,-58,-68,-57,-70,-68,-75,-72,-63,-73,-59,-64,-62,-59,-63,-63,-62,-62,-63,-70,-69,-69,-66,-63,-59,-61,-58,-66,-57,-71,-68,-73,-63,-68,-58,-62,-63,-59,-63,-65,-64,-63,-66,-65,-64,-70,-74,-68,-73,-63,-70,-60,-63,-63,-62,-59,-62,-61,-62,-70,-73,-65,-63,-60,-59,-60,-64,-56,-65,-67,-70,-73
150,24,-66.915,17.69625628,4.206691845,0.297458033,"(-67.5, -66.33)",0.583007032,0.05,200,0,4,,200,0,,,-62,-72,-67,-69,-63,-65,-80,-70,-65,-72,-64,-73,-63,-72,-64,-65,-74,-64,-64,-63,-70,-63,-68,-64,-74,-61,-62,-64,-65,-66,-64,-71,-65,-62,-66,-64,-75,-68,-66,-61,-69,-64,-71,-65,-72,-64,-73,-63,-64,-64,-64,-71,-64,-74,-65,-63,-71,-66,-68,-63,-73,-63,-64,-64,-69,-64,-74,-63,-64,-66,-68,-69,-66,-76,-67,-62,-74,-68,-75,-67,-64,-73,-62,-62,-70,-66,-63,-68,-63,-62,-67,-69,-64,-70,-64,-72,-72,-70,-72,-63,-72,-65,-69,-64,-78,-63,-65,-69,-65,-63,-74,-64,-68,-61,-63,-68,-64,-66,-73,-63,-65,-64,-71,-68,-74,-66,-62,-71,-63,-63,-63,-68,-63,-74,-63,-72,-61,-62,-61,-64,-69,-66,-73,-63,-64,-71,-71,-73,-69,-70,-63,-72,-69,-73,-66,-70,-64,-64,-63,-68,-64,-72,-64,-76,-63,-61,-76,-62,-67,-66,-70,-70,-70,-64,-68,-69,-62,-71,-66,-73,-68,-69,-68,-64,-71,-70,-73,-66,-63,-62,-63,-63,-65,-65,-62,-74,-62,-61,-61,-63
200,24,-71.71428571,2.78974359,1.670252553,0.119303754,"(-71.95, -71.48)",0.233831061,0.05,196,4,4,,200,0.02,,,-74,-72,-75,-74,-69,-71,-70,-73,-73,-70,-72,-71,-70,-72,-73,-72,-70,-74,-71,-70,-69,-70,-71,-71,-74,-70,-70,-70,-70,-70,-70,-73,-72,-74,-73,-72,-72,-70,-72,-69,-72,-71,-71,-70,-70,-71,-69,-73,-72,-70,-71,-71,-71,-73,-71,-69,-73,-70,-73,-74,-72,-72,-70,-69,-70,-73,-72,-72,-72,-72,-70,-70,-75,-72,-73,-76,-73,-72,-69,-69,-72,-73,-72,-72,-74,-71,-69,-69,-72,-72,-74,-73,-72,-73,-69,-67,-68,-71,-71,-72,-73,-72,-69,-74,-70,-71,-70,-72,-71,-72,-70,-69,-70,-72,-70,-71,-71,-72,-71,-69,-69,-69,-73,-71,-74,-72,-70,-73,-74,-71,-74,-72,-71,-73,-69,-74,-71,-71,-72,-73,-70,-74,-73,-70,-69,-70,-70,-71,-75,-73,-73,-71,-74,-73,-73,-73,-71,-72,-72,-71,-75,-73,-73,-73,-73,-73,-73,-72,-71,-74,-72,-73,-70,-73,-75,-73,-72,-70,-72,-72,-73,-73,-72,-72,-72,-72,-72,-72,-75,-75,-74,-73,-73,-73,-74,-74,,,,
250,24,-76.10309278,8.175845307,2.85934351,0.2052889,"(-76.51, -75.7)",0.402358851,0.05,194,6,4,,200,0.03,,,-73,-75,-77,-77,-78,-73,-73,-78,-73,-78,-77,-71,-77,-77,-77,-75,-74,-71,-70,-76,-77,-73,-75,-77,-77,-74,-80,-73,-73,-73,-77,-72,-79,-80,-81,-80,-76,-81,-75,-78,-77,-78,-76,-78,-73,-76,-76,-77,-72,-74,-77,-72,-81,-71,-79,-80,-78,-74,-79,-74,-84,-75,-74,-77,-80,-79,-74,-79,-80,-77,-78,-78,-77,-73,-78,-72,-80,-75,-77,-76,-74,-78,-76,-74,-73,-77,-74,-71,-74,-75,-82,-75,-79,-71,-72,-80,-78,-78,-74,-79,-75,-74,-79,-77,-75,-81,-77,-79,-77,-72,-74,-80,-76,-76,-78,-74,-75,-72,-75,-78,-75,-75,-74,-75,-82,-73,-74,-71,-75,-73,-79,-72,-77,-78,-72,-74,-74,-73,-78,-75,-76,-71,-80,-77,-82,-78,-79,-75,-78,-78,-78,-78,-77,-75,-73,-77,-78,-80,-71,-81,-80,-76,-79,-78,-79,-72,-73,-78,-76,-75,-75,-76,-78,-76,-78,-79,-75,-79,-75,-80,-80,-75,-76,-74,-72,-74,-71,-81,-70,-72,-78,-74,-80,-75,,,,,,
300,24,-77.921875,3.318471859,1.821667329,0.131467515,"(-78.18, -77.66)",0.257671595,0.05,192,8,4,,200,0.04,,,-77,-77,-79,-76,-76,-77,-77,-78,-76,-78,-77,-79,-76,-79,-76,-77,-77,-77,-79,-81,-77,-78,-79,-77,-75,-75,-76,-76,-77,-77,-80,-79,-80,-78,-79,-78,-76,-78,-79,-76,-78,-75,-78,-76,-80,-74,-76,-78,-82,-76,-78,-79,-76,-77,-75,-81,-77,-79,-82,-81,-78,-77,-78,-78,-79,-80,-79,-80,-78,-81,-79,-76,-79,-76,-80,-81,-82,-80,-74,-78,-79,-80,-80,-73,-78,-75,-75,-76,-79,-79,-77,-79,-77,-78,-79,-79,-77,-78,-77,-78,-78,-79,-76,-74,-76,-78,-78,-78,-78,-80,-79,-79,-73,-80,-76,-76,-78,-77,-79,-80,-78,-78,-75,-78,-80,-78,-80,-76,-78,-81,-77,-78,-82,-78,-77,-79,-78,-79,-78,-80,-80,-78,-76,-78,-79,-79,-77,-76,-76,-79,-77,-78,-80,-80,-78,-76,-78,-77,-78,-77,-82,-75,-75,-78,-79,-76,-74,-79,-76,-79,-78,-80,-80,-82,-81,-78,-79,-79,-76,-75,-78,-80,-81,-80,-77,-78,-77,-78,-78,-77,-78,-78,,,,,,,,
,,,,,,,,,,,,,,,,,,,,,,,,,,,,,,,,,,,,,,,,,,,,,,,,,,,,,,,,,,,,,,,,,,,,,,,,,,,,,,,,,,,,,,,,,,,,,,,,,,,,,,,,,,,,,,,,,,,,,,,,,,,,,,,,,,,,,,,,,,,,,,,,,,,,,,,,,,,,,,,,,,,,,,,,,,,,,,,,,,,,,,,,,,,,,,,,,,,,,,,,,,,,,,,,,,,,,,,,
0,21,-40,0,0,0,#NUM!,#NUM!,0.05,200,0,3,TX Power 21 dBm,200,0,,,-40,-40,-40,-40,-40,-40,-40,-40,-40,-40,-40,-40,-40,-40,-40,-40,-40,-40,-40,-40,-40,-40,-40,-40,-40,-40,-40,-40,-40,-40,-40,-40,-40,-40,-40,-40,-40,-40,-40,-40,-40,-40,-40,-40,-40,-40,-40,-40,-40,-40,-40,-40,-40,-40,-40,-40,-40,-40,-40,-40,-40,-40,-40,-40,-40,-40,-40,-40,-40,-40,-40,-40,-40,-40,-40,-40,-40,-40,-40,-40,-40,-40,-40,-40,-40,-40,-40,-40,-40,-40,-40,-40,-40,-40,-40,-40,-40,-40,-40,-40,-40,-40,-40,-40,-40,-40,-40,-40,-40,-40,-40,-40,-40,-40,-40,-40,-40,-40,-40,-40,-40,-40,-40,-40,-40,-40,-40,-40,-40,-40,-40,-40,-40,-40,-40,-40,-40,-40,-40,-40,-40,-40,-40,-40,-40,-40,-40,-40,-40,-40,-40,-40,-40,-40,-40,-40,-40,-40,-40,-40,-40,-40,-40,-40,-40,-40,-40,-40,-40,-40,-40,-40,-40,-40,-40,-40,-40,-40,-40,-40,-40,-40,-40,-40,-40,-40,-40,-40,-40,-40,-40,-40,-40,-40,-40,-40,-40,-40,-40,-40
50,21,-60.055,35.00701005,5.916672211,0.418371904,"(-60.87, -59.24)",0.819993864,0.05,200,0,3,,200,0,,,-52,-71,-77,-57,-60,-63,-55,-57,-55,-57,-56,-53,-68,-68,-58,-71,-57,-58,-58,-55,-55,-61,-55,-62,-60,-61,-60,-60,-57,-54,-71,-57,-55,-55,-55,-71,-75,-53,-58,-56,-55,-54,-65,-57,-70,-58,-71,-57,-57,-57,-56,-56,-61,-58,-61,-60,-61,-62,-53,-54,-73,-57,-53,-55,-52,-70,-56,-58,-73,-54,-58,-56,-56,-54,-60,-56,-61,-61,-71,-59,-60,-54,-53,-69,-59,-54,-54,-54,-70,-57,-57,-73,-55,-59,-77,-55,-59,-56,-57,-58,-63,-56,-67,-60,-69,-56,-59,-56,-54,-73,-58,-57,-57,-52,-69,-73,-58,-71,-58,-55,-59,-60,-57,-61,-60,-68,-59,-63,-57,-56,-72,-57,-57,-57,-53,-66,-74,-59,-59,-54,-59,-57,-55,-58,-59,-58,-61,-61,-68,-58,-60,-55,-71,-64,-63,-57,-56,-70,-57,-58,-58,-54,-59,-70,-58,-74,-54,-60,-57,-57,-58,-60,-58,-63,-61,-68,-61,-64,-62,-69,-61,-62,-57,-54,-58,-57,-57,-54,-67,-56,-70,-57,-75,-58,-57,-54,-59,-56,-62,-58
100,21,-66.4,20.46231156,4.523528662,0.319861779,"(-67.03, -65.77)",0.626917567,0.05,200,0,3,,200,0,,,-72,-64,-66,-69,-67,-57,-62,-59,-71,-75,-68,-74,-62,-66,-70,-62,-66,-65,-65,-63,-68,-74,-71,-70,-68,-60,-63,-60,-73,-59,-70,-65,-75,-61,-67,-65,-62,-65,-62,-65,-65,-62,-67,-69,-65,-61,-74,-70,-71,-70,-68,-62,-62,-59,-76,-59,-72,-68,-70,-71,-62,-69,-71,-64,-61,-62,-59,-74,-58,-69,-75,-70,-69,-62,-70,-69,-64,-63,-68,-67,-63,-73,-63,-64,-70,-65,-62,-64,-59,-75,-59,-70,-64,-67,-69,-66,-63,-73,-64,-68,-69,-67,-62,-64,-59,-75,-59,-71,-71,-66,-63,-65,-69,-64,-66,-67,-64,-63,-71,-70,-60,-65,-69,-63,-64,-75,-66,-66,-73,-62,-62,-61,-68,-60,-70,-73,-76,-66,-71,-66,-64,-64,-71,-64,-63,-69,-69,-63,-71,-62,-63,-63,-66,-63,-63,-71,-69,-68,-69,-67,-61,-63,-59,-76,-59,-71,-65,-74,-64,-65,-62,-70,-63,-67,-69,-69,-69,-63,-71,-68,-64,-66,-67,-67,-64,-77,-66,-69,-75,-69,-61,-63,-59,-59,-73,-71,-68,-67,-62,-68
150,21,-69.38,12.64884422,3.556521365,0.251484037,"(-69.87, -68.89)",0.492899656,0.05,200,0,3,,200,0,,,-70,-74,-68,-66,-71,-70,-66,-77,-65,-74,-70,-66,-68,-70,-68,-65,-65,-67,-69,-64,-73,-65,-62,-67,-69,-68,-73,-74,-76,-71,-65,-70,-73,-68,-75,-66,-69,-71,-63,-73,-64,-77,-62,-68,-69,-69,-72,-72,-71,-66,-68,-71,-69,-75,-68,-66,-69,-72,-63,-74,-65,-77,-64,-68,-68,-68,-72,-65,-74,-65,-78,-64,-68,-69,-69,-74,-72,-70,-67,-70,-71,-68,-68,-67,-70,-71,-65,-76,-67,-77,-72,-68,-68,-67,-69,-70,-65,-75,-68,-65,-67,-69,-70,-71,-72,-71,-66,-75,-69,-72,-68,-78,-67,-67,-69,-72,-65,-73,-73,-75,-70,-66,-69,-70,-68,-75,-67,-66,-69,-73,-65,-73,-66,-74,-63,-66,-69,-71,-72,-72,-65,-74,-71,-71,-68,-68,-69,-72,-65,-75,-66,-63,-68,-70,-69,-70,-72,-70,-67,-71,-72,-69,-77,-68,-69,-69,-72,-65,-74,-67,-63,-68,-69,-69,-71,-64,-73,-68,-64,-68,-69,-69,-72,-74,-76,-71,-66,-73,-69,-70,-67,-78,-67,-67,-69,-70,-66,-74,-65,-65
200,21,-74.91752577,7.816996955,2.795889296,0.200733153,"(-75.31, -74.52)",0.393429751,0.05,194,6,3,,200,0.03,,,-75,-74,-70,-76,-73,-76,-71,-79,-76,-76,-76,-70,-76,-79,-77,-74,-72,-78,-69,-78,-77,-78,-77,-71,-75,-77,-78,-74,-71,-77,-77,-72,-75,-80,-76,-71,-77,-78,-76,-73,-71,-77,-78,-76,-71,-76,-77,-76,-72,-70,-77,-71,-76,-76,-73,-72,-70,-77,-78,-70,-75,-78,-76,-73,-72,-69,-76,-77,-79,-77,-78,-70,-75,-76,-74,-72,-70,-79,-77,-71,-77,-77,-76,-75,-73,-73,-71,-78,-78,-71,-78,-77,-77,-74,-71,-80,-78,-71,-78,-78,-76,-71,-76,-79,-71,-76,-78,-72,-76,-71,-71,-76,-78,-72,-75,-79,-76,-74,-71,-75,-76,-72,-79,-78,-74,-71,-76,-75,-75,-73,-77,-72,-77,-76,-73,-79,-71,-78,-75,-72,-73,-76,-71,-75,-76,-73,-72,-76,-71,-76,-71,-76,-76,-72,-77,-71,-75,-76,-81,-77,-72,-77,-75,-76,-72,-76,-78,-74,-72,-76,-79,-70,-74,-80,-73,-72,-76,-77,-77,-78,-72,-76,-76,-73,-75,-77,-77,-71,-71,-78,-78,-75,-76,-78,,,,,,
250,21,-76.91709845,5.13892487,2.266919688,0.16317645,"(-77.24, -76.6)",0.319819965,0.05,193,7,3,,200,0.035,,,-80,-77,-74,-75,-80,-78,-76,-76,-77,-74,-78,-78,-77,-75,-80,-80,-74,-78,-75,-75,-78,-77,-81,-71,-80,-78,-78,-77,-81,-74,-80,-80,-77,-79,-78,-77,-74,-74,-79,-79,-78,-78,-79,-79,-76,-75,-79,-79,-73,-77,-73,-79,-78,-78,-76,-77,-73,-80,-76,-77,-78,-79,-77,-79,-76,-76,-77,-78,-76,-75,-73,-77,-76,-74,-74,-77,-77,-74,-78,-74,-79,-74,-76,-72,-81,-77,-79,-77,-77,-77,-79,-76,-75,-81,-75,-79,-78,-76,-75,-75,-76,-75,-73,-76,-76,-76,-74,-78,-76,-75,-72,-78,-78,-80,-74,-77,-78,-82,-77,-80,-78,-77,-80,-80,-80,-77,-76,-80,-76,-81,-76,-77,-78,-80,-76,-81,-80,-81,-78,-79,-76,-81,-76,-79,-76,-75,-74,-75,-76,-76,-74,-78,-78,-77,-76,-78,-75,-79,-75,-77,-78,-78,-77,-79,-75,-73,-80,-78,-75,-75,-76,-77,-79,-73,-79,-78,-77,-75,-76,-74,-72,-73,-73,-78,-79,-78,-77,-74,-81,-72,-79,-77,-75,,,,,,,
300,21,-77.96875,1.716295812,1.310074735,0.0945465,"(-78.15, -77.78)",0.185307735,0.05,192,8,3,,200,0.04,,,-78,-78,-79,-78,-78,-78,-78,-78,-77,-79,-78,-75,-78,-79,-78,-78,-78,-78,-80,-81,-76,-79,-79,-77,-82,-78,-78,-79,-78,-78,-78,-79,-78,-77,-77,-81,-81,-78,-77,-79,-77,-75,-76,-78,-77,-76,-78,-79,-79,-80,-78,-80,-77,-77,-77,-79,-79,-76,-78,-79,-80,-79,-78,-76,-78,-77,-78,-80,-79,-77,-78,-81,-77,-80,-79,-79,-78,-78,-78,-78,-77,-78,-78,-77,-79,-79,-79,-76,-78,-78,-77,-77,-79,-80,-79,-79,-76,-78,-80,-80,-79,-76,-81,-77,-76,-77,-78,-76,-77,-79,-78,-78,-78,-79,-79,-78,-77,-78,-77,-79,-76,-79,-77,-79,-78,-77,-76,-78,-78,-78,-76,-79,-78,-79,-79,-77,-81,-80,-76,-79,-80,-78,-78,-78,-79,-77,-80,-78,-76,-76,-77,-77,-78,-77,-78,-78,-79,-78,-78,-77,-76,-79,-77,-80,-77,-79,-77,-79,-76,-78,-77,-79,-77,-77,-78,-77,-76,-77,-78,-74,-75,-79,-78,-78,-77,-77,-78,-78,-77,-77,-78,-76,,,,,,,,
,,,,,,,,,,,,,,,,,,,,,,,,,,,,,,,,,,,,,,,,,,,,,,,,,,,,,,,,,,,,,,,,,,,,,,,,,,,,,,,,,,,,,,,,,,,,,,,,,,,,,,,,,,,,,,,,,,,,,,,,,,,,,,,,,,,,,,,,,,,,,,,,,,,,,,,,,,,,,,,,,,,,,,,,,,,,,,,,,,,,,,,,,,,,,,,,,,,,,,,,,,,,,,,,,,,,,,,,
0,18,-40,0,0,0,#NUM!,#NUM!,0.05,200,0,2,TX Power 18 dBm,200,0,,,-40,-40,-40,-40,-40,-40,-40,-40,-40,-40,-40,-40,-40,-40,-40,-40,-40,-40,-40,-40,-40,-40,-40,-40,-40,-40,-40,-40,-40,-40,-40,-40,-40,-40,-40,-40,-40,-40,-40,-40,-40,-40,-40,-40,-40,-40,-40,-40,-40,-40,-40,-40,-40,-40,-40,-40,-40,-40,-40,-40,-40,-40,-40,-40,-40,-40,-40,-40,-40,-40,-40,-40,-40,-40,-40,-40,-40,-40,-40,-40,-40,-40,-40,-40,-40,-40,-40,-40,-40,-40,-40,-40,-40,-40,-40,-40,-40,-40,-40,-40,-40,-40,-40,-40,-40,-40,-40,-40,-40,-40,-40,-40,-40,-40,-40,-40,-40,-40,-40,-40,-40,-40,-40,-40,-40,-40,-40,-40,-40,-40,-40,-40,-40,-40,-40,-40,-40,-40,-40,-40,-40,-40,-40,-40,-40,-40,-40,-40,-40,-40,-40,-40,-40,-40,-40,-40,-40,-40,-40,-40,-40,-40,-40,-40,-40,-40,-40,-40,-40,-40,-40,-40,-40,-40,-40,-40,-40,-40,-40,-40,-40,-40,-40,-40,-40,-40,-40,-40,-40,-40,-40,-40,-40,-40,-40,-40,-40,-40,-40,-40
50,18,-61.975,22.84861809,4.780022813,0.337998655,"(-62.64, -61.31)",0.66246519,0.05,200,0,2,,200,0,,,-62,-60,-74,-59,-64,-59,-60,-61,-62,-61,-61,-78,-59,-62,-60,-60,-59,-63,-60,-66,-63,-70,-63,-61,-59,-58,-61,-60,-59,-57,-60,-63,-73,-59,-62,-59,-59,-62,-59,-60,-59,-61,-60,-68,-64,-70,-62,-63,-59,-58,-60,-59,-58,-57,-60,-76,-62,-73,-60,-61,-59,-60,-59,-63,-74,-63,-64,-59,-58,-61,-59,-58,-57,-61,-63,-76,-60,-62,-59,-59,-59,-64,-60,-64,-64,-71,-63,-64,-59,-58,-61,-60,-59,-58,-57,-78,-61,-76,-62,-59,-63,-60,-60,-59,-63,-60,-65,-63,-71,-63,-64,-59,-58,-61,-59,-59,-56,-72,-58,-63,-59,-59,-60,-63,-60,-64,-63,-71,-62,-63,-59,-57,-78,-61,-59,-58,-56,-60,-61,-59,-59,-58,-59,-60,-62,-60,-62,-63,-74,-62,-64,-59,-57,-60,-60,-59,-58,-70,-75,-61,-61,-60,-62,-60,-59,-58,-63,-71,-64,-60,-68,-60,-59,-59,-61,-59,-62,-59,-62,-61,-60,-57,-58,-68,-57,-59,-59,-57,-69,-77,-58,-60,-75,-60,-59,-60,-62,-60,-63,-61
100,18,-69.56,20.00643216,4.472855035,0.316278613,"(-70.18, -68.94)",0.61989469,0.05,200,0,2,,200,0,,,-72,-66,-63,-61,-61,-80,-73,-74,-70,-74,-72,-70,-65,-71,-71,-66,-68,-77,-71,-65,-70,-70,-73,-69,-63,-65,-63,-62,-74,-75,-76,-69,-65,-75,-73,-70,-71,-72,-65,-72,-67,-69,-74,-62,-65,-62,-62,-74,-71,-75,-69,-66,-73,-71,-69,-70,-75,-74,-65,-71,-69,-70,-75,-74,-73,-62,-66,-63,-74,-61,-75,-72,-71,-77,-75,-70,-68,-72,-70,-71,-74,-74,-67,-69,-67,-68,-72,-62,-61,-65,-62,-62,-67,-72,-75,-77,-73,-66,-71,-74,-68,-69,-72,-78,-75,-65,-74,-65,-68,-73,-69,-62,-63,-61,-71,-62,-73,-73,-74,-74,-63,-63,-63,-71,-61,-77,-77,-75,-73,-71,-68,-78,-71,-66,-70,-70,-69,-65,-75,-69,-73,-71,-70,-63,-68,-63,-73,-74,-75,-74,-72,-63,-74,-69,-70,-70,-73,-66,-71,-68,-71,-71,-67,-69,-66,-63,-71,-61,-69,-75,-71,-74,-74,-66,-74,-74,-71,-75,-64,-70,-69,-74,-73,-68,-68,-64,-63,-75,-62,-77,-73,-69,-69,-67,-67,-70,-67,-67,-69,-69
150,18,-72.5,6.190954774,2.488162932,0.175939688,"(-72.84, -72.16)",0.344835452,0.05,200,0,2,,200,0,,,-73,-75,-77,-71,-75,-72,-72,-70,-75,-69,-70,-73,-74,-76,-77,-69,-74,-78,-73,-70,-78,-69,-72,-72,-73,-69,-70,-69,-70,-70,-75,-73,-76,-77,-70,-73,-70,-71,-70,-73,-72,-75,-71,-69,-71,-73,-74,-74,-71,-72,-73,-72,-79,-70,-71,-70,-74,-69,-75,-72,-69,-70,-71,-72,-75,-77,-73,-69,-72,-73,-72,-77,-71,-71,-71,-68,-69,-68,-70,-75,-70,-76,-75,-75,-70,-74,-74,-72,-71,-72,-74,-72,-74,-74,-70,-73,-73,-72,-72,-73,-71,-70,-70,-68,-71,-74,-71,-78,-75,-69,-73,-72,-71,-72,-71,-71,-77,-72,-71,-71,-74,-71,-77,-71,-69,-71,-72,-73,-77,-76,-75,-71,-75,-74,-71,-78,-71,-70,-71,-75,-70,-70,-69,-70,-79,-76,-74,-72,-75,-75,-72,-71,-71,-71,-74,-70,-78,-70,-69,-70,-73,-75,-77,-75,-71,-74,-72,-71,-71,-71,-74,-70,-72,-73,-75,-76,-71,-74,-73,-72,-71,-71,-72,-74,-70,-77,-71,-69,-71,-72,-73,-77,-75,-75,-70,-73,-74,-73,-72,-75
200,18,-75.89304813,3.257317003,1.804803868,0.13198033,"(-76.15, -75.63)",0.258676693,0.05,187,13,2,,200,0.065,,,-77,-77,-76,-76,-76,-76,-76,-76,-76,-76,-76,-76,-76,-76,-76,-76,-76,-76,-76,-76,-76,-76,-76,-76,-76,-76,-76,-76,-76,-76,-76,-76,-76,-76,-76,-76,-76,-76,-76,-76,-76,-76,-76,-76,-76,-76,-76,-75,-75,-75,-75,-75,-75,-75,-75,-75,-75,-75,-75,-75,-75,-75,-75,-75,-75,-75,-75,-75,-74,-74,-74,-74,-74,-74,-74,-74,-74,-74,-76,-76,-76,-77,-77,-78,-78,-77,-77,-77,-74,-74,-74,-73,-73,-74,-74,-74,-74,-78,-73,-77,-76,-77,-79,-78,-73,-72,-74,-73,-79,-77,-72,-73,-72,-76,-80,-72,-73,-72,-76,-79,-72,-78,-79,-72,-77,-75,-78,-78,-78,-78,-72,-78,-76,-78,-78,-76,-79,-79,-78,-76,-76,-77,-75,-72,-79,-75,-78,-75,-75,-77,-76,-81,-76,-74,-79,-74,-76,-75,-77,-75,-77,-76,-75,-75,-77,-75,-76,-80,-77,-76,-77,-78,-74,-76,-80,-78,-81,-78,-75,-77,-77,-78,-77,-76,-79,-79,-78,,,,,,,,,,,,,
250,18,-77.08571429,5.308702791,2.304062237,0.174170734,"(-77.43, -76.74)",0.341368365,0.05,175,25,2,,200,0.125,,,-82,-77,-76,-83,-74,-77,-75,-78,-78,-75,-76,-79,-74,-76,-77,-79,-78,-75,-78,-79,-75,-80,-77,-79,-76,-75,-73,-76,-77,-79,-76,-78,-77,-79,-73,-78,-76,-79,-79,-79,-80,-76,-80,-81,-79,-76,-73,-75,-77,-77,-75,-78,-76,-79,-79,-81,-79,-75,-73,-76,-79,-78,-77,-72,-80,-77,-75,-76,-81,-77,-77,-74,-76,-72,-77,-75,-76,-77,-79,-80,-78,-78,-78,-77,-73,-79,-75,-77,-80,-75,-79,-78,-74,-75,-80,-77,-80,-78,-78,-77,-79,-73,-74,-79,-75,-77,-79,-74,-73,-79,-76,-75,-81,-75,-79,-77,-75,-77,-78,-77,-81,-78,-81,-79,-76,-79,-76,-79,-79,-76,-76,-77,-75,-76,-74,-75,-80,-80,-79,-82,-76,-80,-76,-77,-80,-75,-79,-76,-77,-82,-75,-75,-80,-73,-74,-77,-79,-77,-76,-76,-78,-79,-76,-75,-74,-79,-81,-77,-75,-75,-78,-71,-75,-80,-74,,,,,,,,,,,,,,,,,,,,,,,,,
300,18,,,,,,,0.05,4,196,2,,200,0.98,,,-77,-80,-78,-80,,,,,,,,,,,,,,,,,,,,,,,,,,,,,,,,,,,,,,,,,,,,,,,,,,,,,,,,,,,,,,,,,,,,,,,,,,,,,,,,,,,,,,,,,,,,,,,,,,,,,,,,,,,,,,,,,,,,,,,,,,,,,,,,,,,,,,,,,,,,,,,,,,,,,,,,,,,,,,,,,,,,,,,,,,,,,,,,,,,,,,,,,,,,,,,,,,,,
,,,,,,,,,,,,,,,,,,,,,,,,,,,,,,,,,,,,,,,,,,,,,,,,,,,,,,,,,,,,,,,,,,,,,,,,,,,,,,,,,,,,,,,,,,,,,,,,,,,,,,,,,,,,,,,,,,,,,,,,,,,,,,,,,,,,,,,,,,,,,,,,,,,,,,,,,,,,,,,,,,,,,,,,,,,,,,,,,,,,,,,,,,,,,,,,,,,,,,,,,,,,,,,,,,,,,,,,
0,15,-40,0,0,0,#NUM!,#NUM!,0.05,200,0,1,TX Power 15 dBm,200,0,,,-40,-40,-40,-40,-40,-40,-40,-40,-40,-40,-40,-40,-40,-40,-40,-40,-40,-40,-40,-40,-40,-40,-40,-40,-40,-40,-40,-40,-40,-40,-40,-40,-40,-40,-40,-40,-40,-40,-40,-40,-40,-40,-40,-40,-40,-40,-40,-40,-40,-40,-40,-40,-40,-40,-40,-40,-40,-40,-40,-40,-40,-40,-40,-40,-40,-40,-40,-40,-40,-40,-40,-40,-40,-40,-40,-40,-40,-40,-40,-40,-40,-40,-40,-40,-40,-40,-40,-40,-40,-40,-40,-40,-40,-40,-40,-40,-40,-40,-40,-40,-40,-40,-40,-40,-40,-40,-40,-40,-40,-40,-40,-40,-40,-40,-40,-40,-40,-40,-40,-40,-40,-40,-40,-40,-40,-40,-40,-40,-40,-40,-40,-40,-40,-40,-40,-40,-40,-40,-40,-40,-40,-40,-40,-40,-40,-40,-40,-40,-40,-40,-40,-40,-40,-40,-40,-40,-40,-40,-40,-40,-40,-40,-40,-40,-40,-40,-40,-40,-40,-40,-40,-40,-40,-40,-40,-40,-40,-40,-40,-40,-40,-40,-40,-40,-40,-40,-40,-40,-40,-40,-40,-40,-40,-40,-40,-40,-40,-40,-40,-40
50,15,-65.155,12.19193467,3.4916951,0.246900128,"(-65.64, -64.67)",0.483915359,0.05,200,0,1,,200,0,,,-65,-70,-64,-64,-64,-64,-68,-63,-69,-69,-61,-69,-64,-64,-71,-66,-63,-74,-63,-64,-63,-63,-73,-78,-67,-63,-63,-65,-64,-63,-66,-65,-63,-69,-67,-76,-64,-63,-64,-63,-64,-62,-64,-63,-69,-69,-77,-65,-70,-64,-63,-77,-65,-63,-64,-62,-66,-66,-63,-64,-63,-64,-64,-65,-62,-65,-63,-63,-61,-63,-64,-63,-62,-64,-65,-62,-63,-68,-70,-65,-69,-64,-62,-64,-63,-63,-61,-64,-63,-63,-64,-64,-65,-63,-68,-67,-67,-69,-64,-64,-78,-65,-62,-62,-61,-64,-61,-63,-64,-63,-67,-67,-63,-70,-67,-68,-70,-64,-63,-63,-65,-64,-66,-66,-61,-69,-68,-67,-70,-64,-63,-79,-65,-63,-64,-62,-65,-65,-63,-65,-63,-64,-65,-60,-69,-62,-63,-63,-65,-66,-63,-70,-68,-67,-69,-63,-62,-64,-62,-64,-61,-64,-63,-63,-67,-63,-63,-64,-66,-63,-69,-66,-63,-64,-62,-63,-62,-69,-63,-61,-69,-67,-64,-63,-61,-62,-68,-62,-63,-63,-62,-68,-73,-62,-73,-68,-73,-63,-63,-63
100,15,-72.695,14.605,3.821648859,0.270231382,"(-73.22, -72.17)",0.529643777,0.05,200,0,1,,200,0,,,-66,-72,-67,-66,-77,-74,-73,-76,-74,-66,-72,-71,-75,-78,-72,-73,-78,-74,-72,-76,-72,-73,-78,-68,-69,-66,-66,-71,-78,-73,-72,-71,-79,-75,-72,-77,-72,-74,-76,-69,-70,-67,-65,-71,-75,-75,-72,-72,-80,-76,-72,-77,-72,-74,-77,-70,-70,-67,-65,-76,-77,-71,-76,-77,-69,-70,-68,-68,-77,-76,-70,-76,-75,-71,-74,-72,-77,-73,-73,-76,-70,-70,-68,-68,-80,-76,-70,-77,-77,-72,-77,-73,-75,-80,-70,-70,-68,-67,-79,-74,-70,-76,-77,-72,-73,-77,-72,-78,-73,-74,-78,-69,-72,-68,-78,-66,-82,-76,-76,-71,-75,-72,-75,-77,-77,-71,-77,-72,-77,-68,-71,-68,-77,-65,-73,-74,-68,-73,-71,-71,-73,-72,-73,-72,-73,-74,-74,-74,-80,-69,-71,-66,-77,-65,-78,-73,-77,-71,-71,-73,-70,-73,-71,-72,-74,-77,-67,-70,-65,-77,-64,-76,-79,-74,-73,-70,-75,-75,-71,-72,-76,-70,-76,-70,-72,-75,-66,-68,-65,-73,-62,-74,-73,-71,-72,-78,-76,-73,-72,-73
150,15,-74.93908629,3.37382161,1.836796562,0.130866336,"(-75.2, -74.68)",0.256493306,0.05,197,3,1,,200,0.015,,,-75,-75,-75,-79,-77,-72,-69,-72,-73,-71,-69,-70,-70,-77,-77,-74,-78,-76,-74,-72,-71,-75,-77,-78,-76,-78,-75,-76,-74,-74,-74,-74,-72,-75,-79,-74,-77,-76,-75,-74,-75,-74,-74,-73,-75,-76,-74,-76,-74,-75,-75,-75,-74,-74,-72,-75,-76,-79,-78,-74,-74,-76,-75,-76,-76,-78,-75,-78,-77,-74,-77,-74,-76,-74,-72,-75,-77,-75,-77,-75,-76,-76,-74,-73,-73,-75,-77,-77,-77,-73,-76,-75,-76,-75,-74,-76,-75,-75,-74,-74,-75,-77,-75,-77,-76,-75,-74,-76,-74,-73,-74,-77,-74,-78,-75,-77,-75,-73,-75,-74,-73,-74,-76,-74,-76,-74,-73,-75,-74,-73,-76,-74,-77,-73,-76,-76,-74,-73,-75,-73,-73,-76,-73,-78,-76,-74,-74,-75,-73,-72,-71,-76,-76,-77,-77,-74,-76,-74,-74,-72,-75,-77,-77,-77,-75,-76,-76,-74,-72,-75,-77,-75,-80,-77,-77,-76,-75,-74,-72,-76,-74,-77,-75,-76,-76,-75,-75,-75,-74,-73,-77,-74,-76,-75,-75,-76,-74,,,
200,15,-76.33333333,9.058608059,3.009752159,0.222487282,"(-76.77, -75.9)",0.436067059,0.05,183,17,1,,200,0.085,,,-79,-70,-73,-76,-76,-81,-79,-75,-74,-72,-78,-76,-75,-79,-73,-73,-80,-79,-76,-72,-75,-77,-76,-81,-80,-76,-78,-76,-74,-70,-79,-70,-75,-75,-82,-77,-80,-78,-75,-74,-78,-73,-72,-74,-77,-74,-81,-79,-78,-72,-72,-77,-74,-83,-81,-79,-79,-81,-69,-74,-75,-77,-78,-77,-73,-83,-76,-80,-76,-75,-75,-74,-75,-80,-78,-75,-80,-75,-78,-75,-75,-74,-77,-79,-79,-74,-75,-77,-73,-72,-79,-75,-75,-75,-73,-79,-74,-72,-77,-77,-80,-80,-74,-76,-77,-79,-78,-77,-78,-77,-77,-72,-75,-75,-78,-76,-75,-80,-74,-76,-74,-77,-77,-79,-79,-76,-82,-76,-69,-73,-71,-72,-76,-79,-79,-77,-82,-72,-81,-78,-73,-75,-77,-73,-83,-81,-79,-76,-74,-74,-75,-80,-73,-82,-79,-75,-80,-78,-74,-76,-76,-77,-75,-77,-78,-75,-78,-73,-83,-76,-78,-77,-74,-70,-78,-79,-74,-72,-81,-77,-75,-71,-78,,,,,,,,,,,,,,,,,
250,15,,,,,,,0.05,0,200,1,,200,1,,,,,,,,,,,,,,,,,,,,,,,,,,,,,,,,,,,,,,,,,,,,,,,,,,,,,,,,,,,,,,,,,,,,,,,,,,,,,,,,,,,,,,,,,,,,,,,,,,,,,,,,,,,,,,,,,,,,,,,,,,,,,,,,,,,,,,,,,,,,,,,,,,,,,,,,,,,,,,,,,,,,,,,,,,,,,,,,,,,,,,,,,,,,,,,,,,,,,,,,,,
300,15,,,,,,,0.05,0,200,1,,200,1,,,,,,,,,,,,,,,,,,,,,,,,,,,,,,,,,,,,,,,,,,,,,,,,,,,,,,,,,,,,,,,,,,,,,,,,,,,,,,,,,,,,,,,,,,,,,,,,,,,,,,,,,,,,,,,,,,,,,,,,,,,,,,,,,,,,,,,,,,,,,,,,,,,,,,,,,,,,,,,,,,,,,,,,,,,,,,,,,,,,,,,,,,,,,,,,,,,,,,,,,,
,,,,,,,,,,,,,,,,,,,,,,,,,,,,,,,,,,,,,,,,,,,,,,,,,,,,,,,,,,,,,,,,,,,,,,,,,,,,,,,,,,,,,,,,,,,,,,,,,,,,,,,,,,,,,,,,,,,,,,,,,,,,,,,,,,,,,,,,,,,,,,,,,,,,,,,,,,,,,,,,,,,,,,,,,,,,,,,,,,,,,,,,,,,,,,,,,,,,,,,,,,,,,,,,,,,,,,,,
0,7,-40,0,0,0,#NUM!,#NUM!,0.05,200,0,0,TX Power 7 dBm,200,0,,,-40,-40,-40,-40,-40,-40,-40,-40,-40,-40,-40,-40,-40,-40,-40,-40,-40,-40,-40,-40,-40,-40,-40,-40,-40,-40,-40,-40,-40,-40,-40,-40,-40,-40,-40,-40,-40,-40,-40,-40,-40,-40,-40,-40,-40,-40,-40,-40,-40,-40,-40,-40,-40,-40,-40,-40,-40,-40,-40,-40,-40,-40,-40,-40,-40,-40,-40,-40,-40,-40,-40,-40,-40,-40,-40,-40,-40,-40,-40,-40,-40,-40,-40,-40,-40,-40,-40,-40,-40,-40,-40,-40,-40,-40,-40,-40,-40,-40,-40,-40,-40,-40,-40,-40,-40,-40,-40,-40,-40,-40,-40,-40,-40,-40,-40,-40,-40,-40,-40,-40,-40,-40,-40,-40,-40,-40,-40,-40,-40,-40,-40,-40,-40,-40,-40,-40,-40,-40,-40,-40,-40,-40,-40,-40,-40,-40,-40,-40,-40,-40,-40,-40,-40,-40,-40,-40,-40,-40,-40,-40,-40,-40,-40,-40,-40,-40,-40,-40,-40,-40,-40,-40,-40,-40,-40,-40,-40,-40,-40,-40,-40,-40,-40,-40,-40,-40,-40,-40,-40,-40,-40,-40,-40,-40,-40,-40,-40,-40,-40,-40
50,7,-70.895,5.390929648,2.321837559,0.164178708,"(-71.22, -70.57)",0.321784355,0.05,200,0,0,,200,0,,,-71,-73,-71,-72,-71,-73,-70,-75,-75,-70,-74,-75,-71,-69,-70,-70,-72,-68,-71,-70,-69,-72,-70,-73,-75,-69,-75,-74,-72,-70,-70,-71,-70,-69,-72,-70,-71,-70,-69,-75,-74,-72,-76,-70,-69,-70,-69,-71,-68,-71,-70,-68,-70,-69,-71,-70,-70,-73,-72,-74,-70,-69,-70,-70,-69,-70,-69,-71,-72,-70,-76,-73,-71,-73,-69,-68,-70,-69,-70,-68,-70,-70,-69,-70,-69,-72,-71,-69,-75,-73,-71,-70,-68,-74,-73,-72,-78,-69,-68,-70,-70,-71,-68,-70,-70,-70,-70,-71,-72,-72,-69,-74,-75,-72,-75,-70,-70,-70,-70,-70,-68,-71,-70,-68,-70,-69,-70,-70,-68,-76,-73,-75,-70,-70,-69,-68,-69,-70,-71,-70,-69,-71,-70,-74,-70,-68,-71,-73,-78,-68,-72,-71,-71,-72,-70,-77,-73,-66,-72,-69,-71,-72,-72,-69,-72,-74,-70,-71,-74,-79,-69,-68,-72,-67,-67,-66,-72,-77,-68,-71,-68,-68,-69,-68,-72,-70,-70,-73,-74,-71,-72,-69,-69,-72,-71,-72,-67,-69,-73,-70
100,7,-75.36842105,9.53550543,3.087961371,0.224024264,"(-75.81, -74.93)",0.439079488,0.05,190,10,0,,200,0.05,,,-77,-78,-77,-75,-79,-72,-71,-78,-74,-71,-71,-80,-75,-77,-80,-74,-72,-71,-78,-78,-78,-71,-71,-74,-73,-73,-73,-70,-78,-78,-78,-78,-78,-75,-80,-73,-79,-71,-71,-71,-71,-71,-81,-74,-71,-79,-79,-76,-80,-79,-78,-78,-71,-78,-78,-78,-78,-72,-72,-72,-72,-72,-71,-71,-71,-74,-78,-72,-71,-77,-77,-76,-77,-77,-72,-78,-77,-74,-77,-72,-72,-76,-78,-77,-76,-76,-78,-77,-72,-71,-79,-78,-78,-78,-75,-77,-74,-76,-71,-72,-79,-79,-74,-77,-78,-78,-75,-77,-78,-75,-76,-71,-71,-77,-75,-77,-75,-77,-71,-71,-71,-75,-78,-78,-78,-78,-78,-74,-76,-72,-71,-77,-76,-77,-74,-72,-78,-71,-70,-70,-70,-70,-77,-78,-81,-72,-78,-71,-70,-78,-78,-75,-77,-78,-72,-76,-71,-79,-78,-76,-75,-77,-73,-77,-71,-78,-79,-76,-78,-78,-73,-78,-71,-71,-81,-77,-80,-76,-78,-75,-76,-77,-74,-80,-77,-78,-78,-79,-81,-74,,,,,,,,,,
150,7,,,,,,,0.05,2,198,0,,200,,,,-80,-78,,,,,,,,,,,,,,,,,,,,,,,,,,,,,,,,,,,,,,,,,,,,,,,,,,,,,,,,,,,,,,,,,,,,,,,,,,,,,,,,,,,,,,,,,,,,,,,,,,,,,,,,,,,,,,,,,,,,,,,,,,,,,,,,,,,,,,,,,,,,,,,,,,,,,,,,,,,,,,,,,,,,,,,,,,,,,,,,,,,,,,,,,,,,,,,,,,,,,,
200,7,,,,,,,0.05,0,200,0,,200,,,,,,,,,,,,,,,,,,,,,,,,,,,,,,,,,,,,,,,,,,,,,,,,,,,,,,,,,,,,,,,,,,,,,,,,,,,,,,,,,,,,,,,,,,,,,,,,,,,,,,,,,,,,,,,,,,,,,,,,,,,,,,,,,,,,,,,,,,,,,,,,,,,,,,,,,,,,,,,,,,,,,,,,,,,,,,,,,,,,,,,,,,,,,,,,,,,,,,,,,,,
250,7,,,,,,,0.05,0,200,0,,200,,,,,,,,,,,,,,,,,,,,,,,,,,,,,,,,,,,,,,,,,,,,,,,,,,,,,,,,,,,,,,,,,,,,,,,,,,,,,,,,,,,,,,,,,,,,,,,,,,,,,,,,,,,,,,,,,,,,,,,,,,,,,,,,,,,,,,,,,,,,,,,,,,,,,,,,,,,,,,,,,,,,,,,,,,,,,,,,,,,,,,,,,,,,,,,,,,,,,,,,,,,
300,7,,,,,,,0.05,0,200,0,,200,,,,,,,,,,,,,,,,,,,,,,,,,,,,,,,,,,,,,,,,,,,,,,,,,,,,,,,,,,,,,,,,,,,,,,,,,,,,,,,,,,,,,,,,,,,,,,,,,,,,,,,,,,,,,,,,,,,,,,,,,,,,,,,,,,,,,,,,,,,,,,,,,,,,,,,,,,,,,,,,,,,,,,,,,,,,,,,,,,,,,,,,,,,,,,,,,,,,,,,,,,,
,,,,,,,,,,,,,,,,,,,,,,,,,,,,,,,,,,,,,,,,,,,,,,,,,,,,,,,,,,,,,,,,,,,,,,,,,,,,,,,,,,,,,,,,,,,,,,,,,,,,,,,,,,,,,,,,,,,,,,,,,,,,,,,,,,,,,,,,,,,,,,,,,,,,,,,,,,,,,,,,,,,,,,,,,,,,,,,,,,,,,,,,,,,,,,,,,,,,,,,,,,,,,,,,,,,,,,,,
,,,,,,,,,,,,,,,,,,,,,,,,,,,,,,,,,,,,,,,,,,,,,,,,,,,,,,,,,,,,,,,,,,,,,,,,,,,,,,,,,,,,,,,,,,,,,,,,,,,,,,,,,,,,,,,,,,,,,,,,,,,,,,,,,,,,,,,,,,,,,,,,,,,,,,,,,,,,,,,,,,,,,,,,,,,,,,,,,,,,,,,,,,,,,,,,,,,,,,,,,,,,,,,,,,,,,,,,
Open-field,,,,,,,,,,,,,,,,,,,,,,,,,,,,,,,,,,,,,,,,,,,,,,,,,,,,,,,,,,,,,,,,,,,,,,,,,,,,,,,,,,,,,,,,,,,,,,,,,,,,,,,,,,,,,,,,,,,,,,,,,,,,,,,,,,,,,,,,,,,,,,,,,,,,,,,,,,,,,,,,,,,,,,,,,,,,,,,,,,,,,,,,,,,,,,,,,,,,,,,,,,,,,,,,,,,,,,,,
Distance (m),Transmit Power (dBm),RSSI (dBm), Variance, Std.  Deviation , Std. Error,95% Confidence Interval,CONFIDENCE,Alpha,Size,Loss ,PL Setting (TX Power Level),,Packet sent,PLR,,,Sample 1,2,3,4,5,6,7,8,9,10,11,12,13,14,15,16,17,18,19,20,21,22,23,24,25,26,27,28,29,30,31,32,33,34,35,36,37,38,39,40,41,42,43,44,45,46,47,48,49,50,51,52,53,54,55,56,57,58,59,60,61,62,63,64,65,66,67,68,69,70,71,72,73,74,75,76,77,78,79,80,81,82,83,84,85,86,87,88,89,90,91,92,93,94,95,96,97,98,99,100,101,102,103,104,105,106,107,108,109,110,111,112,113,114,115,116,117,118,119,120,121,122,123,124,125,126,127,128,129,130,131,132,133,134,135,136,137,138,139,140,141,142,143,144,145,146,147,148,149,150,151,152,153,154,155,156,157,158,159,160,161,162,163,164,165,166,167,168,169,170,171,172,173,174,175,176,177,178,179,180,181,182,183,184,185,186,187,188,189,190,191,192,193,194,195,196,197,198,199,200
0,24,-40,0,0,0,#NUM!,#NUM!,0.05,200,0,4,Tx Power Level: 24 dBm,200,0,,,-40,-40,-40,-40,-40,-40,-40,-40,-40,-40,-40,-40,-40,-40,-40,-40,-40,-40,-40,-40,-40,-40,-40,-40,-40,-40,-40,-40,-40,-40,-40,-40,-40,-40,-40,-40,-40,-40,-40,-40,-40,-40,-40,-40,-40,-40,-40,-40,-40,-40,-40,-40,-40,-40,-40,-40,-40,-40,-40,-40,-40,-40,-40,-40,-40,-40,-40,-40,-40,-40,-40,-40,-40,-40,-40,-40,-40,-40,-40,-40,-40,-40,-40,-40,-40,-40,-40,-40,-40,-40,-40,-40,-40,-40,-40,-40,-40,-40,-40,-40,-40,-40,-40,-40,-40,-40,-40,-40,-40,-40,-40,-40,-40,-40,-40,-40,-40,-40,-40,-40,-40,-40,-40,-40,-40,-40,-40,-40,-40,-40,-40,-40,-40,-40,-40,-40,-40,-40,-40,-40,-40,-40,-40,-40,-40,-40,-40,-40,-40,-40,-40,-40,-40,-40,-40,-40,-40,-40,-40,-40,-40,-40,-40,-40,-40,-40,-40,-40,-40,-40,-40,-40,-40,-40,-40,-40,-40,-40,-40,-40,-40,-40,-40,-40,-40,-40,-40,-40,-40,-40,-40,-40,-40,-40,-40,-40,-40,-40,-40,-40
50,24,-46.135,30.60982412,5.532614583,0.391214929,"(-46.9, -45.37)",0.766767171,0.05,200,0,4,,200,0,,,-47,-50,-50,-51,-47,-53,-42,-49,-44,-47,-55,-44,-42,-48,-59,-53,-49,-53,-50,-54,-50,-52,-50,-50,-53,-51,-54,-49,-43,-47,-51,-50,-52,-62,-58,-61,-51,-63,-59,-55,-50,-49,-64,-57,-59,-58,-64,-66,-53,-56,-49,-51,-52,-43,-44,-44,-46,-44,-53,-53,-45,-46,-45,-52,-48,-46,-46,-43,-44,-40,-41,-43,-42,-43,-45,-43,-43,-44,-41,-43,-40,-45,-42,-40,-42,-45,-45,-40,-41,-42,-42,-43,-45,-50,-52,-44,-45,-40,-40,-40,-44,-42,-47,-43,-43,-43,-43,-40,-40,-41,-41,-40,-40,-42,-44,-47,-43,-42,-43,-42,-43,-43,-46,-44,-44,-46,-51,-43,-43,-43,-45,-44,-42,-40,-44,-49,-47,-41,-40,-41,-41,-41,-40,-40,-40,-40,-40,-40,-40,-41,-40,-42,-41,-40,-41,-40,-42,-40,-40,-42,-43,-46,-44,-49,-53,-52,-48,-46,-48,-49,-43,-48,-46,-48,-50,-49,-47,-52,-47,-48,-44,-43,-44,-42,-44,-43,-43,-41,-43,-44,-45,-47,-43,-44,-53,-45,-43,-46,-43,-42
100,24,-49.28,32.41366834,5.693300303,0.402577125,"(-50.07, -48.49)",0.789036666,0.05,200,0,4,,200,0,,,-44,-43,-44,-44,-48,-42,-45,-43,-54,-54,-57,-58,-58,-56,-54,-53,-58,-53,-45,-46,-45,-45,-47,-47,-45,-46,-43,-54,-54,-49,-44,-47,-55,-53,-47,-45,-49,-49,-45,-45,-52,-47,-52,-54,-54,-54,-54,-49,-48,-47,-54,-53,-63,-54,-49,-53,-47,-54,-52,-66,-54,-58,-67,-47,-53,-53,-48,-54,-54,-44,-53,-46,-57,-47,-56,-54,-53,-53,-43,-48,-53,-57,-45,-45,-46,-45,-49,-48,-45,-44,-43,-67,-64,-54,-45,-54,-53,-50,-49,-46,-54,-63,-53,-63,-49,-43,-57,-56,-46,-49,-57,-49,-52,-55,-47,-52,-56,-43,-45,-55,-45,-45,-48,-47,-66,-54,-43,-43,-43,-58,-63,-63,-41,-44,-44,-44,-48,-48,-47,-43,-43,-48,-44,-44,-43,-46,-42,-47,-46,-44,-47,-43,-45,-45,-49,-45,-44,-44,-45,-52,-55,-50,-49,-48,-42,-44,-49,-44,-45,-44,-46,-43,-49,-48,-44,-47,-42,-44,-43,-50,-53,-54,-54,-45,-44,-57,-50,-48,-47,-43,-43,-48,-51,-44,-43,-43,-44,-48,-47,-44
150,24,-58.25,37.11306533,6.092049354,0.430772941,"(-59.09, -57.41)",0.84429945,0.05,200,0,4,,200,0,,,-60,-58,-61,-58,-62,-53,-51,-76,-50,-61,-70,-50,-59,-49,-68,-46,-57,-67,-56,-67,-60,-61,-55,-48,-52,-55,-59,-59,-56,-56,-56,-64,-60,-60,-51,-64,-61,-68,-63,-53,-62,-50,-60,-58,-63,-57,-67,-64,-61,-57,-57,-48,-56,-52,-62,-63,-48,-55,-59,-59,-56,-55,-56,-59,-53,-58,-56,-55,-61,-55,-55,-55,-61,-55,-54,-54,-56,-52,-60,-64,-65,-61,-55,-55,-62,-58,-56,-52,-55,-57,-65,-42,-53,-56,-56,-58,-62,-54,-61,-61,-55,-62,-62,-54,-57,-62,-61,-60,-53,-61,-61,-50,-60,-65,-57,-63,-64,-46,-52,-50,-48,-61,-56,-57,-59,-58,-57,-50,-68,-40,-61,-70,-64,-39,-51,-48,-58,-57,-59,-58,-60,-54,-58,-60,-60,-59,-59,-48,-48,-49,-50,-54,-56,-57,-62,-57,-56,-65,-61,-55,-51,-52,-54,-59,-57,-51,-52,-47,-56,-66,-70,-66,-62,-68,-61,-64,-66,-69,-64,-73,-66,-69,-69,-67,-64,-64,-57,-58,-59,-61,-68,-70,-58,-61,-66,-64,-61,-58,-62,-66
200,24,-62.035,5.76258794,2.400539094,0.169743747,"(-62.37, -61.7)",0.332691631,0.05,200,0,4,,200,0,,,-59,-61,-74,-62,-63,-62,-60,-62,-62,-60,-61,-62,-60,-63,-62,-64,-62,-62,-60,-59,-60,-60,-59,-60,-62,-59,-61,-63,-62,-63,-62,-61,-59,-61,-58,-59,-60,-61,-62,-62,-63,-62,-61,-61,-59,-62,-61,-62,-61,-60,-59,-61,-68,-60,-61,-62,-61,-60,-61,-60,-60,-61,-61,-66,-62,-64,-65,-63,-62,-62,-61,-61,-59,-64,-66,-60,-67,-67,-60,-62,-62,-64,-62,-60,-61,-62,-61,-62,-65,-67,-67,-62,-61,-61,-59,-61,-62,-62,-64,-61,-60,-63,-72,-61,-63,-61,-60,-59,-61,-59,-59,-60,-62,-66,-65,-68,-62,-63,-61,-60,-62,-62,-62,-69,-69,-60,-64,-64,-61,-63,-62,-69,-59,-63,-60,-58,-60,-62,-61,-63,-62,-60,-62,-62,-61,-60,-61,-61,-60,-62,-60,-63,-68,-62,-63,-63,-64,-62,-62,-60,-59,-61,-63,-64,-62,-63,-60,-64,-63,-61,-63,-63,-62,-63,-62,-61,-63,-69,-62,-62,-65,-64,-61,-62,-60,-61,-61,-62,-63,-64,-64,-62,-62,-62,-60,-62,-61,-60,-63,-64
250,24,-69.01,13.70844221,3.702491352,0.261805674,"(-69.52, -68.5)",0.513129692,0.05,200,0,4,,200,0,,,-69,-73,-74,-71,-75,-72,-66,-65,-76,-71,-73,-68,-68,-69,-63,-71,-70,-76,-75,-71,-75,-73,-80,-78,-75,-73,-75,-74,-71,-68,-74,-72,-72,-71,-69,-68,-78,-74,-65,-72,-71,-72,-74,-70,-65,-64,-68,-67,-72,-71,-70,-70,-62,-70,-70,-68,-64,-63,-71,-64,-72,-72,-64,-71,-69,-67,-72,-68,-72,-65,-64,-66,-62,-72,-69,-73,-68,-61,-70,-68,-68,-68,-66,-71,-63,-71,-72,-64,-70,-69,-70,-70,-71,-67,-63,-68,-64,-70,-68,-72,-70,-61,-68,-67,-67,-67,-65,-76,-64,-72,-71,-64,-70,-68,-73,-70,-70,-63,-64,-69,-63,-71,-69,-73,-70,-63,-68,-70,-67,-65,-66,-75,-64,-72,-72,-63,-72,-68,-68,-67,-69,-68,-62,-62,-66,-64,-72,-69,-70,-70,-61,-69,-68,-70,-68,-66,-74,-64,-72,-72,-67,-70,-72,-75,-75,-72,-63,-64,-69,-66,-67,-70,-74,-72,-63,-65,-68,-66,-67,-67,-70,-66,-74,-71,-68,-70,-68,-68,-71,-68,-68,-66,-68,-70,-65,-70,-69,-70,-71,-69
300,24,-74.46907216,5.670022969,2.381181003,0.170958833,"(-74.8, -74.13)",0.335073155,0.05,194,6,4,,200,0.03,,,-74,-73,-74,-73,-75,-72,-75,-71,-73,-74,-73,-71,-72,-73,-73,-71,-72,-76,-78,-72,-72,-73,-72,-73,-73,-77,-73,-75,-73,-79,-74,-79,-76,-74,-73,-74,-77,-77,-79,-76,-80,-77,-76,-75,-79,-76,-78,-77,-76,-79,-79,-79,-78,-77,-79,-77,-77,-77,-76,-78,-74,-71,-75,-74,-76,-74,-74,-74,-74,-76,-80,-79,-76,-75,-75,-74,-76,-78,-76,-75,-72,-75,-74,-70,-74,-71,-76,-74,-72,-72,-80,-76,-75,-75,-75,-74,-77,-77,-76,-74,-79,-76,-77,-78,-75,-76,-75,-74,-76,-76,-76,-73,-76,-73,-78,-72,-72,-74,-73,-76,-75,-73,-74,-74,-76,-74,-75,-74,-77,-81,-76,-73,-72,-72,-74,-74,-74,-71,-74,-74,-73,-73,-73,-71,-72,-72,-72,-72,-72,-72,-70,-78,-75,-72,-73,-72,-73,-71,-73,-70,-72,-72,-71,-73,-74,-72,-74,-72,-74,-75,-75,-77,-81,-74,-73,-75,-73,-74,-73,-76,-75,-74,-73,-74,-74,-71,-72,-73,-71,-73,-73,-72,-72,-70,,,,,,
,,,,,,,,,,,,,,,,,,,,,,,,,,,,,,,,,,,,,,,,,,,,,,,,,,,,,,,,,,,,,,,,,,,,,,,,,,,,,,,,,,,,,,,,,,,,,,,,,,,,,,,,,,,,,,,,,,,,,,,,,,,,,,,,,,,,,,,,,,,,,,,,,,,,,,,,,,,,,,,,,,,,,,,,,,,,,,,,,,,,,,,,,,,,,,,,,,,,,,,,,,,,,,,,,,,,,,,,
0,21,-40,0,0,0,#NUM!,#NUM!,0.05,200,0,3,Tx Power Level: 21 dBm,200,0,,,-40,-40,-40,-40,-40,-40,-40,-40,-40,-40,-40,-40,-40,-40,-40,-40,-40,-40,-40,-40,-40,-40,-40,-40,-40,-40,-40,-40,-40,-40,-40,-40,-40,-40,-40,-40,-40,-40,-40,-40,-40,-40,-40,-40,-40,-40,-40,-40,-40,-40,-40,-40,-40,-40,-40,-40,-40,-40,-40,-40,-40,-40,-40,-40,-40,-40,-40,-40,-40,-40,-40,-40,-40,-40,-40,-40,-40,-40,-40,-40,-40,-40,-40,-40,-40,-40,-40,-40,-40,-40,-40,-40,-40,-40,-40,-40,-40,-40,-40,-40,-40,-40,-40,-40,-40,-40,-40,-40,-40,-40,-40,-40,-40,-40,-40,-40,-40,-40,-40,-40,-40,-40,-40,-40,-40,-40,-40,-40,-40,-40,-40,-40,-40,-40,-40,-40,-40,-40,-40,-40,-40,-40,-40,-40,-40,-40,-40,-40,-40,-40,-40,-40,-40,-40,-40,-40,-40,-40,-40,-40,-40,-40,-40,-40,-40,-40,-40,-40,-40,-40,-40,-40,-40,-40,-40,-40,-40,-40,-40,-40,-40,-40,-40,-40,-40,-40,-40,-40,-40,-40,-40,-40,-40,-40,-40,-40,-40,-40,-40,-40
50,21,-49.075,11.93907035,3.455295986,0.244326322,"(-49.55, -48.6)",0.478870792,0.05,200,0,3,,200,0,,,-44,-42,-50,-42,-42,-42,-52,-47,-48,-47,-44,-51,-46,-44,-49,-53,-48,-44,-48,-43,-47,-49,-54,-51,-54,-47,-47,-54,-47,-47,-46,-51,-52,-48,-43,-43,-44,-42,-43,-44,-48,-44,-44,-45,-42,-45,-43,-46,-42,-46,-44,-43,-47,-42,-41,-41,-48,-48,-49,-47,-45,-49,-52,-51,-52,-50,-47,-47,-48,-55,-48,-49,-61,-53,-53,-47,-50,-55,-49,-50,-50,-54,-52,-53,-53,-48,-49,-49,-48,-49,-53,-49,-50,-48,-49,-50,-53,-52,-53,-53,-48,-49,-54,-48,-48,-49,-48,-51,-49,-51,-50,-51,-51,-48,-49,-50,-51,-49,-48,-49,-49,-51,-49,-50,-50,-49,-51,-50,-50,-50,-50,-51,-49,-53,-53,-51,-49,-51,-49,-49,-51,-49,-49,-48,-47,-48,-52,-52,-50,-53,-49,-47,-51,-47,-47,-48,-47,-50,-54,-54,-49,-47,-47,-46,-48,-51,-47,-50,-50,-47,-51,-54,-53,-53,-49,-51,-45,-53,-44,-44,-47,-49,-54,-53,-52,-54,-56,-52,-50,-52,-55,-50,-52,-53,-50,-54,-55,-53,-54,-53
100,21,-52.75,45.89698492,6.774731354,0.479045848,"(-53.69, -51.81)",0.938912609,0.05,200,0,3,,200,0,,,-47,-45,-49,-47,-48,-51,-53,-65,-62,-61,-68,-63,-65,-65,-64,-62,-66,-67,-66,-63,-60,-64,-62,-66,-61,-63,-62,-65,-63,-50,-51,-52,-49,-46,-46,-50,-47,-49,-49,-47,-62,-66,-65,-63,-64,-61,-63,-62,-66,-61,-63,-61,-63,-62,-63,-66,-65,-65,-61,-61,-65,-62,-64,-49,-48,-47,-50,-49,-48,-49,-45,-48,-47,-51,-46,-47,-45,-48,-47,-49,-52,-51,-50,-46,-46,-52,-47,-48,-47,-48,-46,-51,-49,-47,-49,-46,-47,-46,-52,-46,-48,-46,-48,-47,-49,-52,-52,-50,-47,-46,-51,-47,-48,-47,-48,-47,-50,-50,-48,-49,-45,-48,-47,-52,-46,-47,-47,-48,-48,-49,-52,-51,-50,-47,-46,-51,-48,-48,-48,-48,-47,-51,-50,-49,-50,-46,-48,-47,-51,-47,-48,-47,-48,-47,-49,-51,-50,-49,-47,-48,-50,-48,-49,-49,-48,-47,-50,-50,-48,-49,-46,-48,-47,-51,-56,-58,-57,-58,-57,-60,-61,-61,-59,-57,-56,-60,-57,-58,-58,-58,-57,-61,-61,-57,-49,-45,-47,-47,-51,-46
150,21,-61.185,7.377663317,2.716185435,0.192063314,"(-61.56, -60.81)",0.376437178,0.05,200,0,3,,200,0,,,-60,-63,-62,-63,-61,-61,-57,-61,-62,-60,-65,-66,-63,-61,-62,-60,-61,-66,-68,-66,-65,-68,-63,-63,-61,-63,-60,-61,-62,-66,-62,-60,-68,-62,-60,-67,-69,-61,-61,-60,-63,-63,-67,-62,-66,-65,-57,-63,-58,-55,-56,-60,-59,-60,-58,-54,-59,-60,-60,-60,-59,-60,-58,-61,-59,-62,-64,-59,-59,-62,-66,-59,-61,-59,-57,-56,-58,-60,-59,-60,-59,-63,-66,-63,-67,-60,-58,-58,-64,-59,-58,-60,-61,-57,-60,-65,-60,-63,-59,-60,-57,-64,-60,-63,-64,-59,-61,-61,-60,-61,-60,-62,-58,-64,-62,-60,-62,-61,-60,-62,-66,-62,-63,-61,-62,-60,-60,-62,-60,-60,-60,-61,-59,-60,-60,-60,-59,-60,-63,-60,-59,-58,-61,-57,-62,-69,-58,-60,-59,-63,-65,-62,-61,-58,-60,-61,-65,-64,-60,-61,-61,-60,-58,-63,-61,-58,-60,-60,-64,-69,-59,-60,-61,-63,-61,-65,-66,-58,-60,-61,-61,-61,-62,-61,-60,-59,-59,-62,-62,-59,-61,-59,-56,-60,-61,-60,-64,-62,-61,-64
200,21,-65.315,6.689221106,2.586352858,0.182882764,"(-65.67, -64.96)",0.358443632,0.05,200,0,3,,200,0,,,-63,-63,-62,-63,-61,-64,-63,-68,-69,-64,-64,-64,-62,-65,-68,-64,-69,-69,-64,-65,-70,-64,-68,-65,-68,-64,-65,-64,-63,-64,-68,-67,-68,-71,-66,-65,-63,-63,-68,-66,-65,-67,-67,-63,-64,-71,-66,-68,-67,-67,-63,-64,-63,-63,-59,-64,-63,-67,-68,-63,-64,-63,-62,-62,-64,-65,-64,-65,-62,-63,-69,-64,-64,-65,-66,-63,-63,-63,-63,-63,-65,-67,-65,-68,-64,-66,-63,-64,-64,-65,-63,-66,-67,-63,-68,-72,-64,-66,-64,-66,-63,-64,-64,-62,-64,-64,-65,-65,-68,-64,-63,-64,-64,-63,-63,-62,-65,-65,-64,-67,-70,-64,-62,-63,-65,-62,-62,-63,-64,-64,-64,-67,-64,-64,-66,-63,-63,-63,-62,-61,-63,-65,-64,-63,-68,-66,-62,-63,-64,-68,-64,-63,-65,-65,-68,-65,-68,-69,-69,-69,-66,-65,-66,-65,-67,-64,-68,-68,-65,-67,-76,-68,-71,-70,-69,-64,-68,-65,-65,-68,-70,-68,-72,-72,-69,-69,-70,-65,-68,-67,-67,-67,-68,-62,-63,-69,-65,-66,-66,-62
250,21,-71.88717949,7.337721385,2.708822878,0.193982835,"(-72.27, -71.51)",0.380199371,0.05,195,5,3,,200,0.025,,,-71,-74,-72,-72,-75,-73,-70,-68,-72,-69,-74,-75,-77,-66,-72,-74,-73,-72,-70,-75,-69,-79,-70,-74,-73,-74,-73,-75,-71,-69,-73,-71,-72,-73,-73,-66,-75,-75,-71,-71,-70,-68,-79,-75,-68,-71,-71,-75,-73,-73,-68,-67,-71,-69,-71,-69,-73,-68,-64,-73,-71,-74,-71,-71,-78,-67,-79,-74,-69,-74,-72,-75,-74,-68,-68,-73,-68,-72,-72,-76,-71,-66,-72,-70,-72,-74,-74,-69,-75,-74,-68,-73,-71,-76,-72,-75,-69,-69,-74,-69,-72,-70,-76,-74,-68,-74,-72,-72,-74,-70,-69,-74,-73,-70,-73,-72,-77,-72,-69,-72,-70,-71,-72,-73,-72,-67,-74,-72,-72,-71,-70,-69,-72,-72,-67,-73,-74,-75,-74,-74,-70,-68,-72,-70,-71,-74,-74,-72,-68,-72,-72,-72,-73,-72,-76,-70,-74,-74,-70,-75,-72,-79,-72,-75,-70,-68,-72,-68,-74,-74,-76,-73,-66,-71,-72,-73,-71,-70,-74,-69,-74,-72,-70,-74,-72,-72,-72,-73,-69,-68,-72,-68,-73,-73,-75,,,,,
300,21,-77.87301587,3.856129686,1.963703054,0.142838379,"(-78.15, -77.59)",0.279958079,0.05,189,11,3,,200,0.055,,,-81,-78,-81,-78,-76,-79,-80,-79,-79,-78,-77,-78,-76,-78,-82,-79,-81,-78,-79,-80,-82,-83,-80,-79,-79,-77,-78,-77,-79,-78,-78,-78,-77,-76,-79,-79,-78,-77,-78,-75,-79,-75,-78,-77,-76,-76,-77,-75,-76,-78,-76,-79,-80,-77,-77,-76,-79,-77,-76,-74,-79,-76,-76,-77,-76,-75,-77,-75,-76,-76,-80,-78,-80,-75,-76,-77,-77,-78,-76,-75,-79,-77,-76,-78,-78,-79,-79,-77,-81,-79,-79,-78,-76,-77,-79,-79,-78,-75,-79,-75,-77,-77,-75,-77,-75,-73,-79,-78,-75,-75,-75,-76,-76,-77,-75,-77,-78,-78,-77,-75,-77,-75,-77,-76,-77,-80,-80,-80,-81,-81,-81,-79,-78,-84,-80,-79,-77,-77,-78,-74,-76,-76,-76,-75,-80,-77,-80,-79,-80,-79,-83,-78,-82,-82,-79,-79,-81,-81,-81,-81,-77,-80,-78,-79,-78,-79,-78,-77,-80,-77,-78,-79,-77,-80,-77,-78,-77,-76,-79,-76,-78,-76,-78,-75,-80,-79,-80,-77,-79,,,,,,,,,,,
,,,,,,,,,,,,,,,,,,,,,,,,,,,,,,,,,,,,,,,,,,,,,,,,,,,,,,,,,,,,,,,,,,,,,,,,,,,,,,,,,,,,,,,,,,,,,,,,,,,,,,,,,,,,,,,,,,,,,,,,,,,,,,,,,,,,,,,,,,,,,,,,,,,,,,,,,,,,,,,,,,,,,,,,,,,,,,,,,,,,,,,,,,,,,,,,,,,,,,,,,,,,,,,,,,,,,,,,
0,18,-40,0,0,0,#NUM!,#NUM!,0.05,200,0,2,Tx Power Level: 18 dBm,200,0,,,-40,-40,-40,-40,-40,-40,-40,-40,-40,-40,-40,-40,-40,-40,-40,-40,-40,-40,-40,-40,-40,-40,-40,-40,-40,-40,-40,-40,-40,-40,-40,-40,-40,-40,-40,-40,-40,-40,-40,-40,-40,-40,-40,-40,-40,-40,-40,-40,-40,-40,-40,-40,-40,-40,-40,-40,-40,-40,-40,-40,-40,-40,-40,-40,-40,-40,-40,-40,-40,-40,-40,-40,-40,-40,-40,-40,-40,-40,-40,-40,-40,-40,-40,-40,-40,-40,-40,-40,-40,-40,-40,-40,-40,-40,-40,-40,-40,-40,-40,-40,-40,-40,-40,-40,-40,-40,-40,-40,-40,-40,-40,-40,-40,-40,-40,-40,-40,-40,-40,-40,-40,-40,-40,-40,-40,-40,-40,-40,-40,-40,-40,-40,-40,-40,-40,-40,-40,-40,-40,-40,-40,-40,-40,-40,-40,-40,-40,-40,-40,-40,-40,-40,-40,-40,-40,-40,-40,-40,-40,-40,-40,-40,-40,-40,-40,-40,-40,-40,-40,-40,-40,-40,-40,-40,-40,-40,-40,-40,-40,-40,-40,-40,-40,-40,-40,-40,-40,-40,-40,-40,-40,-40,-40,-40,-40,-40,-40,-40,-40,-40
50,18,-55.065,18.73444724,4.328330768,0.306059204,"(-55.66, -54.47)",0.599865016,0.05,200,0,2,,200,0,,,-51,-59,-56,-64,-55,-51,-50,-51,-51,-54,-51,-54,-59,-52,-58,-59,-57,-57,-51,-56,-52,-56,-53,-52,-53,-52,-58,-58,-57,-54,-50,-51,-51,-48,-61,-64,-64,-57,-64,-58,-62,-62,-56,-60,-65,-52,-57,-51,-54,-54,-59,-55,-60,-56,-54,-52,-51,-52,-54,-51,-57,-53,-52,-58,-58,-54,-52,-50,-52,-51,-52,-51,-52,-54,-50,-53,-52,-52,-54,-52,-51,-50,-52,-51,-51,-53,-53,-52,-53,-60,-53,-54,-51,-54,-51,-54,-50,-53,-54,-53,-53,-54,-57,-55,-53,-53,-52,-52,-54,-52,-54,-53,-54,-59,-65,-56,-53,-52,-53,-50,-54,-52,-51,-53,-53,-57,-58,-61,-53,-58,-53,-50,-56,-53,-51,-57,-53,-50,-57,-68,-58,-61,-56,-55,-51,-57,-50,-53,-51,-53,-61,-66,-64,-60,-52,-51,-51,-51,-61,-52,-59,-53,-53,-56,-70,-61,-59,-70,-54,-51,-58,-52,-53,-54,-52,-63,-61,-68,-62,-60,-55,-53,-53,-63,-53,-57,-58,-52,-59,-62,-58,-60,-52,-54,-50,-61,-52,-53,-53,-52
100,18,-60.555,7.052236181,2.655604673,0.187779607,"(-60.92, -60.19)",0.368041267,0.05,200,0,2,,200,0,,,-57,-53,-51,-58,-62,-58,-61,-60,-60,-59,-63,-62,-60,-61,-58,-61,-59,-66,-58,-60,-59,-60,-60,-63,-63,-63,-62,-59,-58,-61,-59,-59,-59,-61,-59,-62,-63,-60,-61,-58,-60,-60,-64,-59,-60,-58,-61,-59,-61,-63,-63,-62,-58,-59,-62,-59,-61,-61,-61,-60,-63,-62,-62,-61,-58,-61,-60,-63,-59,-61,-61,-62,-60,-62,-64,-63,-62,-60,-60,-63,-62,-63,-62,-62,-61,-64,-61,-63,-63,-59,-61,-59,-63,-58,-61,-61,-61,-62,-62,-62,-64,-61,-61,-59,-62,-60,-61,-61,-60,-62,-61,-63,-61,-61,-59,-60,-59,-62,-59,-62,-61,-60,-61,-61,-64,-62,-63,-61,-59,-62,-59,-60,-62,-61,-63,-61,-63,-62,-61,-58,-60,-59,-62,-58,-61,-61,-61,-61,-61,-65,-62,-62,-61,-59,-62,-60,-61,-61,-60,-62,-64,-63,-63,-62,-59,-61,-60,-64,-59,-65,-63,-61,-63,-62,-64,-63,-63,-62,-59,-63,-61,-62,-61,-61,-61,-63,-63,-64,-62,-60,-51,-51,-53,-50,-54,-52,-54,-54,-53,-53
150,18,-67.045,10.0130402,3.164338825,0.223752544,"(-67.48, -66.61)",0.438546928,0.05,200,0,2,,200,0,,,-61,-67,-63,-66,-66,-67,-64,-63,-62,-67,-70,-65,-68,-67,-65,-70,-70,-70,-65,-66,-66,-71,-69,-66,-77,-68,-71,-69,-65,-64,-63,-68,-71,-69,-65,-69,-67,-67,-74,-70,-65,-68,-63,-71,-73,-73,-72,-63,-71,-67,-71,-69,-65,-65,-70,-71,-72,-72,-68,-69,-69,-70,-69,-70,-68,-64,-63,-63,-66,-66,-61,-70,-64,-68,-64,-66,-65,-65,-66,-66,-70,-75,-64,-65,-64,-65,-66,-65,-68,-63,-65,-64,-65,-63,-63,-64,-63,-65,-63,-69,-63,-63,-67,-64,-63,-69,-71,-63,-71,-64,-62,-62,-64,-73,-64,-63,-65,-69,-65,-66,-64,-66,-64,-66,-69,-62,-69,-68,-68,-72,-68,-71,-72,-70,-68,-67,-68,-64,-68,-68,-64,-71,-67,-63,-68,-71,-69,-66,-69,-68,-71,-69,-73,-67,-68,-77,-69,-69,-66,-68,-70,-69,-69,-66,-70,-71,-69,-66,-67,-68,-73,-65,-64,-67,-64,-75,-72,-67,-68,-67,-66,-67,-67,-68,-64,-64,-63,-65,-63,-67,-65,-65,-64,-63,-65,-66,-64,-65,-69,-65
200,18,-69.08,4.938291457,2.222226689,0.157135156,"(-69.39, -68.77)",0.307979247,0.05,200,0,2,,200,0,,,-72,-69,-66,-67,-68,-67,-67,-70,-68,-70,-75,-68,-69,-69,-71,-67,-67,-66,-68,-69,-69,-74,-73,-75,-71,-70,-70,-69,-69,-68,-67,-68,-68,-70,-70,-78,-69,-69,-70,-78,-69,-70,-69,-69,-68,-68,-74,-70,-70,-69,-69,-65,-66,-69,-71,-68,-69,-68,-69,-72,-68,-70,-69,-70,-66,-66,-65,-66,-68,-69,-68,-70,-72,-70,-70,-70,-69,-68,-68,-69,-71,-67,-74,-74,-70,-70,-69,-71,-69,-68,-66,-66,-69,-68,-70,-72,-73,-71,-71,-69,-68,-70,-71,-67,-76,-68,-73,-72,-67,-65,-68,-67,-68,-70,-70,-71,-68,-69,-71,-71,-68,-65,-69,-71,-68,-71,-70,-65,-70,-66,-69,-70,-70,-68,-70,-69,-67,-68,-68,-68,-69,-70,-70,-70,-67,-64,-67,-68,-68,-68,-68,-65,-69,-72,-69,-73,-72,-70,-69,-70,-65,-67,-69,-68,-69,-70,-71,-69,-69,-68,-68,-69,-68,-70,-69,-68,-69,-73,-68,-70,-69,-71,-68,-68,-69,-69,-68,-69,-69,-67,-69,-69,-68,-67,-65,-66,-66,-67,-69,-69
250,18,-75.76530612,5.677969649,2.382849061,0.170203504,"(-76.1, -75.43)",0.333592739,0.05,196,4,2,,200,0.02,,,-77,-81,-74,-78,-74,-78,-80,-71,-77,-78,-76,-76,-73,-73,-73,-74,-79,-77,-75,-74,-80,-73,-73,-72,-73,-78,-76,-74,-72,-80,-75,-73,-78,-77,-77,-77,-76,-71,-72,-72,-74,-75,-77,-71,-74,-76,-74,-74,-79,-76,-84,-77,-78,-79,-81,-80,-78,-78,-73,-76,-75,-82,-80,-73,-77,-73,-78,-78,-75,-74,-73,-72,-76,-76,-77,-75,-71,-76,-78,-73,-75,-73,-77,-74,-74,-78,-75,-78,-77,-76,-76,-75,-78,-77,-71,-75,-76,-75,-74,-72,-77,-76,-73,-79,-76,-78,-75,-76,-74,-74,-76,-75,-71,-77,-77,-74,-76,-73,-76,-76,-75,-77,-79,-75,-77,-74,-73,-73,-73,-75,-76,-78,-77,-71,-76,-75,-76,-74,-78,-74,-80,-79,-76,-76,-78,-77,-76,-81,-75,-79,-76,-76,-76,-78,-77,-72,-76,-75,-77,-75,-74,-79,-77,-75,-77,-74,-76,-76,-73,-74,-73,-78,-75,-78,-77,-72,-74,-75,-75,-74,-79,-73,-77,-77,-75,-75,-77,-78,-76,-76,-73,-76,-76,-79,-79,-79,,,,
300,18,,,,,,,0.05,5,195,2,,200,0.975,,,-80,-81,-82,-79,-81,,,,,,,,,,,,,,,,,,,,,,,,,,,,,,,,,,,,,,,,,,,,,,,,,,,,,,,,,,,,,,,,,,,,,,,,,,,,,,,,,,,,,,,,,,,,,,,,,,,,,,,,,,,,,,,,,,,,,,,,,,,,,,,,,,,,,,,,,,,,,,,,,,,,,,,,,,,,,,,,,,,,,,,,,,,,,,,,,,,,,,,,,,,,,,,,,,,
,,,,,,,,,,,,,,,,,,,,,,,,,,,,,,,,,,,,,,,,,,,,,,,,,,,,,,,,,,,,,,,,,,,,,,,,,,,,,,,,,,,,,,,,,,,,,,,,,,,,,,,,,,,,,,,,,,,,,,,,,,,,,,,,,,,,,,,,,,,,,,,,,,,,,,,,,,,,,,,,,,,,,,,,,,,,,,,,,,,,,,,,,,,,,,,,,,,,,,,,,,,,,,,,,,,,,,,,
0,15,-40,0,0,0,#NUM!,#NUM!,0.05,200,0,1,Tx Power Level: 15 dBm,200,0,,,-40,-40,-40,-40,-40,-40,-40,-40,-40,-40,-40,-40,-40,-40,-40,-40,-40,-40,-40,-40,-40,-40,-40,-40,-40,-40,-40,-40,-40,-40,-40,-40,-40,-40,-40,-40,-40,-40,-40,-40,-40,-40,-40,-40,-40,-40,-40,-40,-40,-40,-40,-40,-40,-40,-40,-40,-40,-40,-40,-40,-40,-40,-40,-40,-40,-40,-40,-40,-40,-40,-40,-40,-40,-40,-40,-40,-40,-40,-40,-40,-40,-40,-40,-40,-40,-40,-40,-40,-40,-40,-40,-40,-40,-40,-40,-40,-40,-40,-40,-40,-40,-40,-40,-40,-40,-40,-40,-40,-40,-40,-40,-40,-40,-40,-40,-40,-40,-40,-40,-40,-40,-40,-40,-40,-40,-40,-40,-40,-40,-40,-40,-40,-40,-40,-40,-40,-40,-40,-40,-40,-40,-40,-40,-40,-40,-40,-40,-40,-40,-40,-40,-40,-40,-40,-40,-40,-40,-40,-40,-40,-40,-40,-40,-40,-40,-40,-40,-40,-40,-40,-40,-40,-40,-40,-40,-40,-40,-40,-40,-40,-40,-40,-40,-40,-40,-40,-40,-40,-40,-40,-40,-40,-40,-40,-40,-40,-40,-40,-40,-40
50,15,-58.285,24.86811558,4.986794118,0.352619594,"(-58.98, -57.59)",0.691121704,0.05,200,0,1,,200,0,,,-59,-60,-57,-64,-76,-60,-58,-61,-57,-57,-61,-56,-58,-59,-58,-64,-60,-64,-60,-57,-56,-54,-53,-60,-56,-61,-60,-57,-61,-72,-65,-61,-63,-65,-55,-58,-51,-52,-52,-55,-59,-59,-66,-59,-58,-55,-55,-57,-59,-54,-60,-60,-55,-63,-72,-62,-60,-61,-59,-52,-60,-54,-54,-57,-62,-60,-67,-74,-58,-60,-57,-53,-53,-53,-53,-75,-62,-57,-58,-61,-57,-58,-58,-60,-53,-55,-53,-56,-58,-56,-62,-60,-63,-61,-54,-53,-56,-52,-56,-52,-62,-66,-52,-72,-73,-58,-56,-63,-68,-58,-63,-57,-53,-56,-63,-60,-67,-57,-61,-52,-51,-54,-59,-52,-60,-64,-53,-66,-70,-63,-60,-60,-58,-54,-61,-53,-56,-60,-60,-67,-63,-56,-69,-55,-57,-63,-58,-54,-53,-61,-57,-61,-55,-60,-56,-54,-60,-54,-58,-53,-53,-57,-53,-57,-58,-63,-68,-58,-55,-54,-57,-59,-54,-61,-60,-53,-56,-60,-58,-54,-57,-53,-58,-52,-51,-51,-52,-52,-53,-54,-55,-52,-53,-54,-53,-53,-54,-58,-56,-54
100,15,-64.165,9.696256281,3.113881225,0.220184653,"(-64.6, -63.73)",0.43155399,0.05,200,0,1,,200,0,,,-56,-56,-53,-55,-55,-55,-54,-55,-51,-65,-64,-64,-62,-66,-63,-64,-64,-63,-65,-65,-68,-64,-63,-68,-66,-67,-64,-64,-63,-67,-65,-65,-66,-63,-64,-66,-69,-63,-65,-64,-66,-64,-65,-69,-68,-67,-63,-62,-68,-64,-64,-64,-64,-64,-69,-68,-66,-66,-61,-64,-64,-70,-62,-64,-62,-66,-63,-64,-69,-67,-67,-62,-63,-67,-63,-64,-65,-64,-63,-68,-67,-65,-65,-63,-63,-64,-69,-64,-64,-63,-65,-65,-65,-68,-68,-67,-62,-63,-67,-64,-65,-66,-64,-63,-66,-65,-65,-65,-62,-64,-63,-65,-63,-64,-63,-64,-64,-63,-65,-65,-67,-63,-64,-66,-63,-65,-64,-64,-65,-64,-66,-65,-64,-64,-64,-63,-67,-64,-64,-64,-63,-63,-66,-67,-66,-66,-63,-64,-65,-64,-64,-66,-64,-63,-64,-65,-64,-66,-64,-65,-63,-67,-62,-66,-64,-64,-66,-66,-67,-67,-64,-64,-63,-67,-61,-65,-66,-62,-62,-70,-67,-64,-66,-63,-64,-64,-70,-63,-63,-64,-64,-65,-64,-69,-69,-65,-62,-51,-57,-54
150,15,-70.765,5.517361809,2.348906513,0.166092772,"(-71.09, -70.44)",0.325535852,0.05,200,0,1,,200,0,,,-76,-71,-71,-69,-74,-69,-74,-71,-71,-70,-68,-74,-72,-72,-68,-72,-70,-71,-69,-69,-70,-73,-70,-71,-70,-70,-71,-69,-67,-74,-73,-70,-73,-73,-70,-68,-73,-70,-70,-69,-67,-69,-76,-73,-70,-71,-68,-73,-70,-74,-68,-73,-70,-69,-70,-70,-69,-68,-72,-70,-71,-70,-70,-69,-73,-70,-70,-70,-71,-69,-71,-69,-70,-69,-69,-72,-70,-69,-68,-72,-73,-71,-73,-72,-71,-73,-72,-69,-68,-68,-71,-72,-75,-72,-69,-74,-69,-74,-69,-71,-72,-68,-74,-79,-76,-74,-77,-72,-71,-73,-72,-69,-69,-70,-72,-74,-71,-71,-71,-71,-72,-71,-69,-70,-68,-71,-75,-73,-72,-73,-76,-70,-69,-70,-72,-70,-72,-68,-71,-69,-75,-71,-68,-68,-70,-76,-72,-75,-73,-71,-72,-73,-73,-71,-72,-67,-72,-70,-70,-72,-73,-71,-67,-69,-69,-69,-70,-68,-74,-74,-68,-74,-71,-69,-70,-73,-71,-72,-71,-68,-73,-69,-72,-71,-69,-65,-69,-67,-68,-70,-68,-73,-68,-69,-68,-66,-65,-70,-66,-65
200,15,-72.57,4.186030151,2.04597902,0.144672564,"(-72.85, -72.29)",0.283553015,0.05,200,0,1,,200,0,,,-72,-73,-72,-74,-71,-71,-72,-71,-72,-72,-74,-72,-77,-77,-71,-72,-73,-74,-70,-72,-71,-73,-73,-76,-74,-73,-73,-72,-73,-71,-72,-72,-77,-73,-77,-73,-73,-72,-76,-72,-72,-73,-75,-73,-73,-75,-79,-73,-72,-71,-73,-70,-78,-72,-77,-76,-71,-74,-72,-75,-71,-70,-70,-71,-71,-72,-76,-75,-77,-74,-70,-71,-73,-73,-70,-75,-71,-75,-77,-72,-74,-75,-74,-71,-73,-71,-71,-72,-74,-73,-75,-74,-74,-72,-71,-72,-70,-71,-76,-72,-73,-74,-73,-72,-72,-72,-70,-74,-71,-72,-71,-73,-74,-73,-73,-73,-71,-69,-73,-71,-72,-71,-75,-70,-75,-71,-73,-71,-78,-69,-69,-71,-72,-72,-76,-74,-74,-72,-71,-71,-72,-70,-70,-70,-74,-74,-70,-72,-73,-77,-70,-72,-71,-71,-71,-72,-76,-73,-75,-72,-73,-70,-71,-71,-70,-70,-74,-70,-75,-76,-70,-71,-69,-73,-71,-70,-71,-70,-72,-71,-77,-72,-72,-74,-72,-71,-72,-71,-70,-71,-74,-75,-70,-74,-71,-76,-71,-72,-71,-73
250,15,-77.48186528,4.438471503,2.106768023,0.151648481,"(-77.78, -77.18)",0.29722556,0.05,193,7,1,,200,0.035,,,-76,-79,-77,-76,-80,-79,-73,-80,-79,-79,-78,-77,-81,-79,-76,-79,-78,-77,-80,-75,-79,-79,-78,-77,-79,-78,-77,-79,-76,-79,-75,-79,-77,-75,-76,-78,-79,-79,-74,-78,-78,-77,-78,-75,-79,-74,-80,-78,-77,-81,-76,-77,-75,-79,-79,-74,-80,-79,-78,-82,-80,-76,-78,-79,-77,-78,-74,-78,-76,-82,-77,-76,-74,-79,-79,-73,-80,-79,-78,-77,-76,-79,-76,-78,-76,-83,-74,-79,-77,-77,-81,-78,-80,-77,-79,-77,-73,-79,-78,-77,-82,-77,-80,-79,-78,-78,-79,-73,-79,-77,-77,-77,-79,-75,-79,-76,-80,-76,-78,-77,-80,-77,-79,-78,-78,-78,-77,-73,-79,-77,-77,-81,-81,-78,-78,-81,-80,-80,-79,-74,-80,-78,-77,-77,-76,-75,-78,-72,-79,-78,-77,-75,-74,-74,-80,-78,-74,-79,-74,-73,-77,-77,-78,-76,-74,-77,-75,-75,-73,-79,-78,-75,-79,-77,-79,-76,-74,-78,-76,-77,-76,-76,-81,-78,-77,-76,-79,-75,-80,-78,-77,-74,-79,,,,,,,
300,15,,,,,,,0.05,0,200,1,,200,1,,,,,,,,,,,,,,,,,,,,,,,,,,,,,,,,,,,,,,,,,,,,,,,,,,,,,,,,,,,,,,,,,,,,,,,,,,,,,,,,,,,,,,,,,,,,,,,,,,,,,,,,,,,,,,,,,,,,,,,,,,,,,,,,,,,,,,,,,,,,,,,,,,,,,,,,,,,,,,,,,,,,,,,,,,,,,,,,,,,,,,,,,,,,,,,,,,,,,,,,,,
,,,,,,,,,,,,,,,,,,,,,,,,,,,,,,,,,,,,,,,,,,,,,,,,,,,,,,,,,,,,,,,,,,,,,,,,,,,,,,,,,,,,,,,,,,,,,,,,,,,,,,,,,,,,,,,,,,,,,,,,,,,,,,,,,,,,,,,,,,,,,,,,,,,,,,,,,,,,,,,,,,,,,,,,,,,,,,,,,,,,,,,,,,,,,,,,,,,,,,,,,,,,,,,,,,,,,,,,
0,7,-40,0,0,0,#NUM!,#NUM!,0.05,200,0,0,Tx Power Level: 7 dBm,200,0,,,-40,-40,-40,-40,-40,-40,-40,-40,-40,-40,-40,-40,-40,-40,-40,-40,-40,-40,-40,-40,-40,-40,-40,-40,-40,-40,-40,-40,-40,-40,-40,-40,-40,-40,-40,-40,-40,-40,-40,-40,-40,-40,-40,-40,-40,-40,-40,-40,-40,-40,-40,-40,-40,-40,-40,-40,-40,-40,-40,-40,-40,-40,-40,-40,-40,-40,-40,-40,-40,-40,-40,-40,-40,-40,-40,-40,-40,-40,-40,-40,-40,-40,-40,-40,-40,-40,-40,-40,-40,-40,-40,-40,-40,-40,-40,-40,-40,-40,-40,-40,-40,-40,-40,-40,-40,-40,-40,-40,-40,-40,-40,-40,-40,-40,-40,-40,-40,-40,-40,-40,-40,-40,-40,-40,-40,-40,-40,-40,-40,-40,-40,-40,-40,-40,-40,-40,-40,-40,-40,-40,-40,-40,-40,-40,-40,-40,-40,-40,-40,-40,-40,-40,-40,-40,-40,-40,-40,-40,-40,-40,-40,-40,-40,-40,-40,-40,-40,-40,-40,-40,-40,-40,-40,-40,-40,-40,-40,-40,-40,-40,-40,-40,-40,-40,-40,-40,-40,-40,-40,-40,-40,-40,-40,-40,-40,-40,-40,-40,-40,-40
50,7,-61.565,12.57866834,3.54664184,0.25078545,"(-62.06, -61.07)",0.491530449,0.05,200,0,0,,200,0,,,-56,-61,-56,-60,-63,-60,-65,-59,-63,-62,-58,-59,-57,-60,-60,-59,-64,-70,-62,-64,-67,-63,-61,-59,-66,-59,-57,-58,-62,-64,-59,-71,-60,-63,-71,-60,-59,-61,-60,-60,-60,-69,-70,-63,-73,-71,-59,-60,-58,-72,-59,-58,-59,-63,-64,-58,-71,-61,-66,-64,-60,-59,-60,-62,-60,-58,-73,-69,-62,-69,-72,-58,-61,-60,-64,-60,-59,-59,-62,-64,-60,-70,-60,-64,-62,-63,-60,-61,-61,-60,-60,-62,-61,-60,-61,-65,-60,-60,-62,-61,-59,-60,-59,-60,-60,-59,-60,-60,-62,-65,-60,-60,-61,-60,-60,-61,-64,-62,-59,-63,-64,-58,-58,-59,-62,-59,-59,-61,-63,-64,-59,-59,-58,-61,-64,-59,-61,-59,-57,-58,-58,-63,-58,-59,-63,-63,-59,-58,-58,-62,-58,-58,-61,-61,-62,-59,-65,-61,-63,-71,-58,-59,-58,-59,-61,-60,-69,-63,-61,-71,-65,-60,-60,-59,-63,-59,-60,-59,-65,-63,-58,-63,-60,-62,-64,-59,-60,-63,-59,-60,-58,-68,-62,-60,-63,-66,-61,-58,-60,-61
100,7,-70.58,6.114170854,2.472684948,0.174845229,"(-70.92, -70.24)",0.342690353,0.05,200,0,0,,200,0,,,-63,-62,-61,-61,-68,-74,-68,-71,-71,-69,-71,-73,-72,-76,-72,-70,-68,-72,-70,-72,-71,-70,-69,-76,-74,-71,-71,-69,-70,-69,-74,-68,-70,-70,-70,-70,-71,-73,-73,-72,-70,-69,-73,-69,-71,-72,-71,-70,-72,-72,-71,-71,-68,-69,-69,-71,-68,-71,-71,-70,-72,-72,-74,-74,-73,-72,-69,-73,-70,-71,-72,-70,-70,-73,-71,-72,-70,-68,-71,-69,-72,-68,-71,-73,-71,-73,-73,-73,-71,-70,-71,-68,-71,-68,-71,-71,-69,-72,-73,-73,-71,-72,-68,-70,-69,-74,-68,-71,-70,-71,-72,-72,-75,-73,-71,-72,-68,-72,-70,-71,-71,-70,-70,-71,-72,-71,-72,-69,-72,-69,-72,-70,-70,-69,-72,-71,-70,-73,-72,-71,-70,-69,-73,-69,-71,-71,-71,-70,-72,-70,-70,-73,-70,-71,-70,-71,-70,-73,-70,-71,-71,-70,-72,-73,-73,-72,-71,-72,-71,-72,-73,-71,-73,-71,-71,-70,-71,-71,-71,-70,-74,-69,-71,-70,-70,-71,-72,-72,-74,-71,-69,-69,-72,-69,-71,-62,-61,-61,-63,-63
150,7,-76.74736842,3.04695071,1.745551692,0.12663563,"(-77, -76.5)",0.248201273,0.05,190,10,0,,200,0.05,,,-75,-74,-71,-75,-77,-75,-75,-76,-76,-76,-73,-76,-75,-77,-74,-75,-75,-78,-75,-75,-75,-75,-74,-77,-78,-74,-75,-75,-75,-75,-76,-75,-74,-77,-80,-76,-78,-74,-76,-75,-75,-76,-75,-78,-75,-74,-78,-79,-77,-76,-78,-74,-76,-75,-78,-77,-77,-78,-78,-77,-74,-78,-77,-74,-76,-76,-77,-76,-77,-81,-79,-78,-77,-77,-77,-76,-76,-77,-76,-79,-77,-76,-76,-77,-78,-79,-77,-74,-77,-78,-75,-78,-76,-77,-76,-77,-78,-77,-78,-78,-76,-74,-78,-77,-75,-75,-78,-79,-78,-77,-76,-77,-77,-80,-76,-76,-76,-77,-79,-76,-76,-77,-76,-76,-77,-75,-76,-77,-77,-74,-74,-80,-78,-79,-77,-75,-77,-73,-77,-78,-77,-77,-77,-80,-78,-79,-75,-77,-79,-80,-80,-80,-80,-80,-80,-80,-80,-80,-80,-78,-79,-77,-77,-77,-79,-78,-75,-77,-76,-78,-76,-75,-76,-78,-79,-76,-78,-77,-76,-80,-79,-78,-78,-78,-78,-76,-76,-76,-76,-75,,,,,,,,,,
200,7,-78.43783784,2.171386604,1.473562555,0.108338474,"(-78.65, -78.23)",0.212339507,0.05,185,15,0,,200,0.075,,,-77,-78,-76,-78,-79,-77,-79,-79,-78,-80,-78,-79,-78,-80,-77,-80,-78,-76,-79,-77,-78,-78,-79,-82,-80,-78,-77,-78,-78,-77,-80,-79,-77,-78,-78,-80,-78,-79,-78,-78,-79,-78,-80,-79,-79,-79,-79,-81,-82,-81,-79,-80,-78,-79,-78,-82,-80,-79,-81,-77,-79,-78,-79,-78,-78,-82,-78,-78,-77,-80,-78,-79,-78,-79,-79,-77,-78,-77,-80,-79,-77,-78,-79,-78,-80,-76,-81,-77,-77,-75,-77,-77,-78,-78,-80,-79,-79,-79,-79,-81,-78,-81,-79,-80,-80,-80,-81,-79,-80,-80,-77,-80,-82,-81,-81,-80,-77,-79,-79,-79,-79,-78,-78,-79,-77,-79,-79,-78,-78,-78,-81,-79,-79,-78,-77,-78,-79,-82,-76,-78,-78,-77,-77,-81,-79,-77,-78,-78,-77,-78,-78,-77,-78,-77,-76,-77,-76,-76,-78,-76,-77,-76,-80,-75,-76,-76,-79,-78,-79,-77,-78,-77,-79,-77,-77,-76,-77,-78,-78,-76,-80,-78,-79,-77,-80,,,,,,,,,,,,,,,
250,7,,,,,,,0.05,2,198,0,,200,0.99,,,-81,-80,,,,,,,,,,,,,,,,,,,,,,,,,,,,,,,,,,,,,,,,,,,,,,,,,,,,,,,,,,,,,,,,,,,,,,,,,,,,,,,,,,,,,,,,,,,,,,,,,,,,,,,,,,,,,,,,,,,,,,,,,,,,,,,,,,,,,,,,,,,,,,,,,,,,,,,,,,,,,,,,,,,,,,,,,,,,,,,,,,,,,,,,,,,,,,,,,,,,,,
300,7,,,,,,,0.05,0,200,0,,200,1,,,,,,,,,,,,,,,,,,,,,,,,,,,,,,,,,,,,,,,,,,,,,,,,,,,,,,,,,,,,,,,,,,,,,,,,,,,,,,,,,,,,,,,,,,,,,,,,,,,,,,,,,,,,,,,,,,,,,,,,,,,,,,,,,,,,,,,,,,,,,,,,,,,,,,,,,,,,,,,,,,,,,,,,,,,,,,,,,,,,,,,,,,,,,,,,,,,,,,,,,,
,,,,,,,,,,,,,,,,,,,,,,,,,,,,,,,,,,,,,,,,,,,,,,,,,,,,,,,,,,,,,,,,,,,,,,,,,,,,,,,,,,,,,,,,,,,,,,,,,,,,,,,,,,,,,,,,,,,,,,,,,,,,,,,,,,,,,,,,,,,,,,,,,,,,,,,,,,,,,,,,,,,,,,,,,,,,,,,,,,,,,,,,,,,,,,,,,,,,,,,,,,,,,,,,,,,,,,,,
,,,,,,,,,,,,,,,,,,,,,,,,,,,,,,,,,,,,,,,,,,,,,,,,,,,,,,,,,,,,,,,,,,,,,,,,,,,,,,,,,,,,,,,,,,,,,,,,,,,,,,,,,,,,,,,,,,,,,,,,,,,,,,,,,,,,,,,,,,,,,,,,,,,,,,,,,,,,,,,,,,,,,,,,,,,,,,,,,,,,,,,,,,,,,,,,,,,,,,,,,,,,,,,,,,,,,,,,
Ground-to-Drone,,,,,,,,,,,,,,,,,,,,,,,,,,,,,,,,,,,,,,,,,,,,,,,,,,,,,,,,,,,,,,,,,,,,,,,,,,,,,,,,,,,,,,,,,,,,,,,,,,,,,,,,,,,,,,,,,,,,,,,,,,,,,,,,,,,,,,,,,,,,,,,,,,,,,,,,,,,,,,,,,,,,,,,,,,,,,,,,,,,,,,,,,,,,,,,,,,,,,,,,,,,,,,,,,,,,,,,,
Slant Distance (m),Transmit Power (dBm),RSSI (dBm), Variance, Std.  Deviation ,Std. Error,95% Confidence Interval,CONFIDENCE,Alpha,Size,Loss ,PL Setting (TX Power Level),,Packet sent,PLR,Height,Ground Distance,Sample 1,2,3,4,5,6,7,8,9,10,11,12,13,14,15,16,17,18,19,20,21,22,23,24,25,26,27,28,29,30,31,32,33,34,35,36,37,38,39,40,41,42,43,44,45,46,47,48,49,50,51,52,53,54,55,56,57,58,59,60,61,62,63,64,65,66,67,68,69,70,71,72,73,74,75,76,77,78,79,80,81,82,83,84,85,86,87,88,89,90,91,92,93,94,95,96,97,98,99,100,101,102,103,104,105,106,107,108,109,110,111,112,113,114,115,116,117,118,119,120,121,122,123,124,125,126,127,128,129,130,131,132,133,134,135,136,137,138,139,140,141,142,143,144,145,146,147,148,149,150,151,152,153,154,155,156,157,158,159,160,161,162,163,164,165,166,167,168,169,170,171,172,173,174,175,176,177,178,179,180,181,182,183,184,185,186,187,188,189,190,191,192,193,194,195,196,197,198,199,200
0,24,,0,0,0,#NUM!,#NUM!,0.05,200,0,4,TX Power 24 dBm,200,,0,0,-40,-40,-40,-40,-40,-40,-40,-40,-40,-40,-40,-40,-40,-40,-40,-40,-40,-40,-40,-40,-40,-40,-40,-40,-40,-40,-40,-40,-40,-40,-40,-40,-40,-40,-40,-40,-40,-40,-40,-40,-40,-40,-40,-40,-40,-40,-40,-40,-40,-40,-40,-40,-40,-40,-40,-40,-40,-40,-40,-40,-40,-40,-40,-40,-40,-40,-40,-40,-40,-40,-40,-40,-40,-40,-40,-40,-40,-40,-40,-40,-40,-40,-40,-40,-40,-40,-40,-40,-40,-40,-40,-40,-40,-40,-40,-40,-40,-40,-40,-40,-40,-40,-40,-40,-40,-40,-40,-40,-40,-40,-40,-40,-40,-40,-40,-40,-40,-40,-40,-40,-40,-40,-40,-40,-40,-40,-40,-40,-40,-40,-40,-40,-40,-40,-40,-40,-40,-40,-40,-40,-40,-40,-40,-40,-40,-40,-40,-40,-40,-40,-40,-40,-40,-40,-40,-40,-40,-40,-40,-40,-40,-40,-40,-40,-40,-40,-40,-40,-40,-40,-40,-40,-40,-40,-40,-40,-40,-40,-40,-40,-40,-40,-40,-40,-40,-40,-40,-40,-40,-40,-40,-40,-40,-40,-40,-40,-40,-40,-40,-40
50,24,-45.8,19.1959799,4.381321707,0.309806229,"(-46.41, -45.19)",0.607209051,0.05,200,0,4,,200,0,50,0,-43,-42,-42,-41,-40,-40,-41,-40,-42,-41,-41,-41,-42,-41,-42,-42,-43,-43,-42,-44,-48,-52,-51,-53,-52,-48,-47,-44,-44,-44,-46,-48,-48,-46,-49,-51,-50,-53,-54,-54,-58,-59,-39,-47,-51,-47,-47,-49,-41,-39,-45,-47,-52,-50,-44,-40,-41,-43,-42,-49,-43,-46,-48,-47,-45,-48,-42,-48,-50,-44,-50,-45,-49,-49,-45,-43,-52,-43,-51,-38,-48,-46,-51,-46,-48,-45,-49,-43,-48,-44,-49,-48,-42,-51,-43,-43,-38,-45,-48,-52,-55,-51,-39,-38,-50,-49,-41,-45,-39,-42,-48,-47,-46,-47,-49,-49,-48,-44,-47,-49,-48,-42,-50,-40,-46,-40,-41,-47,-47,-42,-45,-47,-44,-40,-47,-39,-49,-47,-40,-41,-43,-52,-49,-47,-51,-50,-43,-45,-44,-45,-48,-42,-51,-47,-45,-41,-47,-43,-48,-38,-45,-45,-45,-43,-47,-47,-46,-45,-38,-46,-46,-48,-49,-48,-47,-42,-54,-39,-45,-50,-38,-44,-44,-47,-38,-45,-47,-52,-54,-50,-51,-54,-31,-47,-48,-43,-46,-50,-39,-55
100,24,-49.075,12.33103015,3.511556656,0.248304552,"(-49.56, -48.59)",0.48666798,0.05,200,0,4,,200,0,100,0,-53,-55,-48,-52,-47,-46,-56,-55,-46,-53,-50,-49,-41,-52,-48,-48,-46,-51,-48,-51,-51,-49,-42,-50,-55,-44,-47,-51,-50,-42,-43,-52,-54,-48,-49,-46,-44,-50,-49,-51,-46,-46,-48,-53,-43,-45,-49,-47,-51,-52,-48,-50,-51,-52,-43,-48,-48,-51,-51,-49,-49,-48,-46,-56,-46,-51,-44,-51,-47,-49,-49,-50,-44,-53,-46,-49,-48,-50,-49,-50,-52,-54,-49,-49,-47,-50,-47,-44,-48,-54,-47,-50,-49,-48,-52,-50,-47,-50,-47,-51,-47,-48,-42,-53,-53,-43,-47,-47,-50,-50,-49,-50,-53,-52,-49,-45,-51,-47,-51,-47,-46,-43,-50,-40,-46,-50,-49,-46,-51,-52,-58,-51,-49,-55,-50,-44,-52,-53,-59,-48,-45,-46,-55,-59,-43,-48,-54,-49,-50,-52,-46,-51,-51,-44,-53,-52,-53,-47,-50,-50,-52,-49,-55,-51,-45,-49,-45,-44,-45,-49,-55,-45,-45,-51,-46,-54,-48,-47,-48,-48,-53,-45,-42,-49,-53,-51,-45,-53,-48,-48,-47,-49,-45,-56,-50,-50,-54,-45,-53,-51
150,24,-51.885,8.333442211,2.886770204,0.204125479,"(-52.29, -51.48)",0.400078587,0.05,200,0,4,,200,0,150,0,-55,-56,-52,-52,-57,-47,-51,-51,-55,-48,-48,-57,-51,-53,-52,-51,-50,-54,-50,-54,-51,-52,-51,-53,-56,-52,-54,-53,-51,-49,-55,-50,-51,-48,-54,-54,-51,-47,-46,-56,-50,-50,-47,-55,-52,-48,-52,-51,-49,-49,-50,-55,-49,-49,-50,-56,-49,-55,-51,-51,-52,-51,-55,-50,-53,-52,-54,-51,-53,-54,-60,-52,-49,-55,-47,-50,-50,-53,-57,-55,-49,-53,-53,-54,-52,-48,-47,-56,-47,-52,-50,-56,-58,-50,-54,-51,-49,-50,-47,-49,-55,-48,-55,-58,-51,-57,-51,-49,-57,-54,-55,-52,-52,-53,-47,-51,-52,-56,-50,-48,-47,-49,-49,-51,-52,-44,-50,-54,-50,-49,-54,-51,-51,-49,-58,-51,-53,-55,-50,-55,-52,-52,-56,-52,-47,-52,-52,-52,-53,-52,-55,-50,-53,-51,-54,-49,-54,-54,-50,-50,-53,-57,-48,-51,-51,-48,-55,-54,-51,-50,-52,-52,-55,-57,-55,-51,-51,-58,-53,-52,-52,-55,-56,-56,-47,-53,-48,-51,-53,-47,-56,-49,-53,-54,-53,-51,-51,-48,-52,-51
200,24,-55.88,8.246834171,2.87173017,0.203061988,"(-56.28, -55.48)",0.397994183,0.05,200,0,4,,200,0,200,0,-58,-53,-55,-58,-54,-53,-54,-57,-55,-56,-58,-53,-53,-55,-52,-58,-53,-53,-54,-53,-54,-53,-54,-56,-57,-54,-56,-54,-53,-54,-58,-57,-54,-55,-59,-59,-54,-55,-58,-59,-55,-55,-54,-55,-56,-55,-56,-56,-54,-54,-54,-56,-58,-57,-57,-61,-59,-61,-62,-58,-58,-59,-57,-57,-59,-58,-60,-62,-56,-58,-52,-53,-53,-54,-53,-56,-56,-57,-54,-54,-54,-54,-57,-57,-58,-55,-60,-55,-54,-55,-54,-57,-57,-55,-58,-55,-58,-61,-57,-59,-57,-57,-61,-58,-57,-59,-57,-60,-57,-61,-59,-56,-58,-60,-58,-58,-54,-59,-59,-57,-58,-63,-60,-58,-54,-53,-57,-56,-55,-55,-52,-53,-61,-58,-58,-60,-54,-53,-53,-54,-54,-53,-50,-50,-51,-50,-59,-60,-62,-61,-55,-51,-54,-53,-52,-53,-53,-52,-52,-54,-59,-61,-63,-59,-59,-59,-60,-59,-57,-63,-54,-54,-54,-53,-56,-59,-55,-54,-57,-52,-51,-54,-53,-53,-54,-53,-55,-55,-57,-54,-54,-54,-52,-53,-51,-53,-52,-53,-52,-53
250,24,-57.765,5.889221106,2.426771746,0.171598676,"(-58.1, -57.43)",0.336327224,0.05,200,0,4,,200,0,200,150,-63,-55,-59,-52,-53,-54,-54,-54,-58,-57,-57,-58,-54,-56,-54,-58,-56,-60,-57,-56,-56,-61,-56,-57,-58,-62,-57,-59,-58,-55,-57,-59,-57,-59,-58,-57,-60,-57,-57,-61,-60,-59,-59,-54,-60,-55,-58,-55,-56,-58,-57,-59,-58,-60,-61,-56,-58,-58,-55,-55,-53,-57,-56,-62,-57,-57,-58,-56,-56,-57,-56,-59,-57,-59,-59,-58,-57,-54,-54,-59,-57,-63,-53,-61,-60,-53,-57,-62,-59,-56,-61,-62,-56,-55,-60,-56,-57,-55,-58,-60,-60,-57,-56,-61,-58,-62,-60,-56,-61,-58,-60,-61,-55,-58,-57,-57,-61,-60,-57,-53,-58,-58,-58,-55,-58,-57,-55,-60,-56,-55,-55,-57,-59,-56,-64,-61,-64,-63,-59,-57,-57,-59,-56,-56,-57,-62,-60,-62,-62,-58,-61,-62,-60,-58,-62,-56,-57,-56,-61,-57,-59,-61,-58,-58,-58,-59,-56,-62,-57,-54,-59,-58,-57,-57,-58,-56,-55,-56,-57,-59,-60,-60,-57,-55,-57,-60,-57,-53,-61,-56,-57,-58,-55,-58,-61,-55,-58,-58,-56,-56
299.5479928,24,-58.355,10.60198492,3.256068937,0.230238843,"(-58.81, -57.9)",0.451259839,0.05,200,0,4,,200,0,200,223,-57,-57,-58,-55,-61,-53,-56,-56,-57,-59,-66,-59,-65,-57,-57,-65,-52,-61,-58,-58,-53,-64,-57,-57,-59,-58,-61,-58,-55,-58,-59,-53,-65,-58,-60,-62,-59,-60,-57,-57,-56,-59,-52,-59,-58,-58,-63,-58,-59,-54,-62,-63,-58,-52,-60,-62,-64,-59,-56,-59,-59,-55,-60,-57,-57,-61,-60,-63,-58,-60,-60,-65,-60,-52,-61,-56,-63,-54,-62,-57,-63,-52,-60,-55,-54,-52,-60,-67,-60,-54,-63,-58,-58,-58,-54,-52,-61,-61,-62,-57,-64,-60,-59,-57,-55,-60,-60,-58,-54,-58,-60,-58,-62,-59,-59,-54,-57,-63,-57,-60,-60,-60,-60,-57,-60,-60,-62,-59,-60,-57,-57,-55,-56,-56,-59,-60,-56,-54,-58,-57,-57,-59,-56,-60,-57,-58,-59,-57,-62,-57,-60,-59,-52,-58,-54,-65,-55,-60,-57,-61,-50,-58,-53,-63,-58,-57,-55,-50,-55,-56,-66,-60,-61,-64,-64,-57,-56,-53,-57,-62,-61,-57,-59,-60,-58,-58,-57,-54,-56,-59,-58,-59,-58,-59,-55,-63,-55,-63,-58,-60
349.8128071,24,-59.49,10.69336683,3.270071381,0.231228965,"(-59.94, -59.04)",0.453200443,0.05,200,0,4,,200,0,200,287,-54,-62,-63,-56,-60,-57,-53,-63,-60,-64,-57,-64,-57,-55,-58,-60,-59,-59,-60,-61,-60,-58,-62,-61,-60,-59,-61,-60,-63,-60,-61,-60,-64,-52,-60,-61,-60,-60,-59,-59,-59,-60,-65,-60,-65,-64,-56,-58,-61,-67,-57,-65,-57,-57,-61,-58,-68,-57,-62,-54,-62,-60,-56,-62,-63,-60,-52,-62,-60,-60,-60,-62,-62,-53,-56,-58,-65,-62,-60,-59,-62,-59,-61,-58,-57,-56,-62,-65,-57,-60,-59,-60,-62,-55,-57,-56,-58,-55,-52,-63,-62,-58,-65,-56,-58,-55,-63,-65,-59,-65,-61,-67,-56,-58,-58,-57,-58,-62,-56,-60,-63,-56,-57,-60,-57,-60,-65,-62,-58,-61,-58,-60,-53,-59,-62,-58,-53,-53,-62,-57,-59,-60,-61,-56,-57,-59,-58,-58,-59,-58,-59,-58,-62,-52,-59,-63,-59,-65,-66,-56,-60,-60,-57,-62,-59,-66,-55,-56,-63,-65,-60,-60,-55,-61,-59,-58,-55,-56,-62,-62,-61,-59,-61,-66,-56,-54,-62,-59,-57,-63,-57,-63,-58,-58,-60,-56,-63,-57,-64,-55
399.6448423,24,-59.87,9.098592965,3.016387403,0.213290799,"(-60.29, -59.45)",0.418042284,0.05,200,0,4,,200,0,200,346,-59,-60,-59,-62,-66,-60,-60,-61,-59,-61,-60,-59,-57,-58,-59,-63,-60,-63,-63,-61,-60,-57,-58,-55,-56,-59,-56,-56,-56,-60,-58,-59,-61,-63,-65,-62,-63,-53,-59,-59,-56,-55,-58,-64,-59,-60,-63,-65,-60,-62,-64,-62,-59,-64,-62,-65,-64,-64,-63,-62,-65,-61,-68,-62,-54,-55,-58,-58,-60,-54,-55,-64,-55,-58,-58,-59,-59,-61,-60,-62,-59,-63,-59,-63,-61,-60,-69,-61,-59,-62,-56,-58,-55,-57,-60,-59,-61,-64,-59,-55,-60,-59,-57,-54,-56,-56,-59,-55,-64,-57,-59,-61,-59,-60,-61,-61,-58,-60,-64,-63,-61,-61,-61,-62,-59,-61,-58,-58,-58,-59,-62,-59,-58,-55,-61,-63,-64,-61,-61,-61,-60,-57,-56,-61,-60,-59,-58,-58,-65,-64,-59,-60,-64,-60,-67,-64,-64,-61,-60,-66,-56,-55,-53,-54,-58,-62,-60,-65,-61,-61,-61,-58,-60,-62,-59,-57,-58,-59,-59,-60,-59,-58,-60,-64,-61,-60,-62,-57,-60,-59,-58,-53,-57,-60,-62,-66,-57,-58,-59,-55
449.8988775,24,-60.24,6.816482412,2.610839408,0.184614225,"(-60.6, -59.88)",0.361837232,0.05,200,0,4,,200,0,200,403,-60,-62,-63,-58,-61,-60,-63,-62,-58,-63,-63,-57,-59,-58,-59,-59,-57,-63,-61,-61,-57,-60,-53,-59,-64,-63,-61,-61,-59,-56,-62,-62,-62,-61,-60,-59,-60,-63,-65,-59,-58,-58,-61,-62,-60,-60,-62,-61,-62,-62,-62,-62,-60,-60,-63,-65,-59,-53,-62,-57,-65,-57,-62,-63,-59,-61,-60,-57,-57,-64,-58,-56,-58,-59,-61,-60,-62,-63,-57,-61,-62,-55,-63,-62,-60,-60,-56,-64,-60,-56,-62,-60,-61,-60,-57,-62,-64,-63,-61,-63,-61,-61,-54,-61,-61,-61,-57,-66,-60,-59,-62,-60,-59,-59,-58,-60,-61,-58,-65,-58,-63,-56,-61,-62,-58,-59,-55,-55,-56,-64,-60,-58,-61,-64,-59,-62,-58,-58,-58,-61,-59,-59,-62,-63,-62,-63,-59,-60,-59,-60,-63,-59,-62,-59,-63,-60,-58,-57,-58,-57,-62,-57,-61,-61,-64,-62,-59,-58,-60,-62,-59,-62,-58,-64,-59,-55,-63,-58,-61,-62,-62,-57,-59,-56,-57,-57,-63,-58,-58,-69,-65,-63,-63,-64,-57,-63,-60,-61,-64,-61
499.7639443,24,-60.5625,26.58246073,5.155818144,0.372089124,"(-61.29, -59.83)",0.729281282,0.05,192,8,4,,200,0.04,200,458,-66,-66,-65,-63,-70,-65,-65,-72,-65,-65,-70,-68,-69,-65,-67,-67,-60,-60,-60,-60,-58,-60,-59,-60,-58,-58,-58,-58,-66,-64,-64,-64,-64,-62,-68,-64,-64,-64,-63,-65,-68,-65,-62,-64,-66,-62,-63,-64,-66,-65,-65,-64,-64,-66,-64,-66,-63,-63,-64,-64,-67,-62,-62,-63,-61,-64,-64,-62,-62,-62,-64,-63,-64,-63,-63,-63,-65,-63,-64,-64,-63,-62,-66,-62,-63,-64,-64,-63,-62,-65,-61,-63,-65,-65,-62,-59,-59,-59,-62,-60,-61,-61,-58,-60,-62,-60,-60,-60,-59,-61,-60,-60,-58,-61,-61,-60,-59,-59,-59,-63,-63,-62,-63,-65,-68,-62,-62,-60,-57,-57,-59,-58,-55,-57,-57,-57,-53,-58,-54,-53,-57,-58,-59,-60,-62,-60,-59,-62,-56,-58,-62,-58,-55,-54,-55,-54,-54,-54,-54,-54,-60,-60,-62,-63,-63,-61,-66,-65,-64,-63,-62,-62,-62,-59,-53,-51,-51,-52,-51,-50,-51,-47,-47,-50,-48,-49,-48,-46,-44,-46,-47,-47,,,,,,,,
549.6762684,24,-62.81283422,9.529296763,3.086955906,0.225740573,"(-63.26, -62.37)",0.442443393,0.05,187,13,4,,200,0.065,200,512,-60,-62,-65,-60,-61,-62,-68,-67,-61,-61,-61,-67,-66,-58,-60,-62,-66,-64,-65,-64,-60,-62,-66,-64,-61,-60,-63,-63,-58,-67,-56,-63,-65,-65,-71,-64,-64,-58,-61,-60,-61,-62,-65,-55,-67,-63,-62,-64,-64,-62,-62,-64,-67,-62,-64,-61,-62,-58,-63,-63,-61,-64,-64,-63,-61,-60,-68,-66,-60,-66,-62,-66,-60,-64,-64,-64,-58,-62,-60,-63,-63,-60,-60,-64,-63,-61,-67,-61,-69,-64,-63,-65,-60,-56,-66,-61,-64,-64,-62,-69,-65,-68,-64,-59,-69,-65,-61,-58,-64,-57,-63,-60,-65,-66,-64,-64,-56,-64,-59,-60,-64,-66,-64,-64,-60,-62,-65,-65,-68,-57,-65,-62,-60,-66,-67,-64,-62,-65,-70,-62,-63,-59,-62,-62,-62,-64,-61,-65,-59,-61,-63,-62,-62,-63,-70,-62,-60,-63,-67,-61,-58,-68,-64,-68,-62,-62,-57,-58,-67,-58,-66,-63,-65,-58,-65,-61,-63,-62,-66,-60,-56,-69,-63,-63,-64,-62,-58,,,,,,,,,,,,,
599.3538187,24,-64.12021858,6.820632919,2.611634147,0.193057551,"(-64.5, -63.74)",0.378385848,0.05,183,17,4,,200,0.085,200,565,-65,-62,-59,-63,-66,-62,-66,-60,-64,-64,-66,-63,-62,-61,-63,-71,-60,-63,-63,-63,-67,-64,-64,-64,-62,-67,-64,-65,-61,-69,-65,-63,-67,-64,-65,-68,-68,-66,-62,-65,-63,-64,-61,-65,-67,-66,-64,-63,-62,-66,-66,-66,-66,-62,-65,-65,-60,-67,-69,-63,-65,-60,-62,-71,-66,-59,-66,-59,-64,-68,-64,-64,-67,-63,-62,-67,-64,-67,-64,-63,-61,-67,-63,-63,-64,-66,-62,-67,-68,-69,-69,-65,-63,-61,-63,-64,-67,-62,-67,-66,-65,-66,-63,-62,-65,-62,-61,-64,-64,-65,-64,-64,-64,-64,-65,-63,-61,-65,-66,-64,-60,-63,-64,-64,-62,-68,-64,-67,-62,-59,-66,-64,-67,-63,-61,-64,-67,-62,-70,-62,-62,-60,-64,-62,-68,-67,-62,-63,-60,-64,-58,-69,-66,-63,-64,-65,-68,-62,-70,-63,-67,-65,-62,-68,-63,-65,-67,-66,-67,-61,-62,-62,-62,-68,-62,-60,-66,-60,-61,-60,-60,-61,-65,,,,,,,,,,,,,,,,,
,,,,,,,,,,,,,,,,,,,,,,,,,,,,,,,,,,,,,,,,,,,,,,,,,,,,,,,,,,,,,,,,,,,,,,,,,,,,,,,,,,,,,,,,,,,,,,,,,,,,,,,,,,,,,,,,,,,,,,,,,,,,,,,,,,,,,,,,,,,,,,,,,,,,,,,,,,,,,,,,,,,,,,,,,,,,,,,,,,,,,,,,,,,,,,,,,,,,,,,,,,,,,,,,,,,,,,,,
,,,,,,,,,,,,,,,,,,,,,,,,,,,,,,,,,,,,,,,,,,,,,,,,,,,,,,,,,,,,,,,,,,,,,,,,,,,,,,,,,,,,,,,,,,,,,,,,,,,,,,,,,,,,,,,,,,,,,,,,,,,,,,,,,,,,,,,,,,,,,,,,,,,,,,,,,,,,,,,,,,,,,,,,,,,,,,,,,,,,,,,,,,,,,,,,,,,,,,,,,,,,,,,,,,,,,,,,
Drone-to-Drone,,,,,,,,,,,,,,,,,,,,,,,,,,,,,,,,,,,,,,,,,,,,,,,,,,,,,,,,,,,,,,,,,,,,,,,,,,,,,,,,,,,,,,,,,,,,,,,,,,,,,,,,,,,,,,,,,,,,,,,,,,,,,,,,,,,,,,,,,,,,,,,,,,,,,,,,,,,,,,,,,,,,,,,,,,,,,,,,,,,,,,,,,,,,,,,,,,,,,,,,,,,,,,,,,,,,,,,,
Distance (m),Transmit Power (dBm),RSSI (dBm), Variance, Std.  Deviation ,Std. Error,95% Confidence Interval,CONFIDENCE,Alpha,Size,Loss ,PL Setting (TX Power Level),,Packet sent,PLR,Height,,Sample 1,2,3,4,5,6,7,8,9,10,11,12,13,14,15,16,17,18,19,20,21,22,23,24,25,26,27,28,29,30,31,32,33,34,35,36,37,38,39,40,41,42,43,44,45,46,47,48,49,50,51,52,53,54,55,56,57,58,59,60,61,62,63,64,65,66,67,68,69,70,71,72,73,74,75,76,77,78,79,80,81,82,83,84,85,86,87,88,89,90,91,92,93,94,95,96,97,98,99,100,101,102,103,104,105,106,107,108,109,110,111,112,113,114,115,116,117,118,119,120,121,122,123,124,125,126,127,128,129,130,131,132,133,134,135,136,137,138,139,140,141,142,143,144,145,146,147,148,149,150,151,152,153,154,155,156,157,158,159,160,161,162,163,164,165,166,167,168,169,170,171,172,173,174,175,176,177,178,179,180,181,182,183,184,185,186,187,188,189,190,191,192,193,194,195,196,197,198,199,200
0,24,,,,,,,,,,,TX Power 24 dBm,200,,200,,,,,,,,,,,,,,,,,,,,,,,,,,,,,,,,,,,,,,,,,,,,,,,,,,,,,,,,,,,,,,,,,,,,,,,,,,,,,,,,,,,,,,,,,,,,,,,,,,,,,,,,,,,,,,,,,,,,,,,,,,,,,,,,,,,,,,,,,,,,,,,,,,,,,,,,,,,,,,,,,,,,,,,,,,,,,,,,,,,,,,,,,,,,,,,,,,,,,,,,,
50,24,-41.925,3.255653266,1.80434289,0.127586309,"(-42.18, -41.67)",0.250064571,0.05,200,0,4,,200,0,200,,-42,-46,-42,-39,-43,-43,-44,-43,-41,-45,-41,-43,-41,-38,-41,-39,-39,-41,-40,-42,-42,-40,-42,-43,-44,-38,-39,-44,-43,-39,-40,-39,-44,-42,-41,-42,-44,-40,-43,-44,-44,-42,-40,-43,-43,-44,-43,-41,-43,-43,-42,-45,-43,-41,-40,-39,-41,-40,-42,-43,-40,-42,-42,-41,-40,-41,-43,-45,-41,-41,-43,-43,-44,-44,-45,-41,-41,-44,-40,-39,-40,-40,-40,-42,-40,-40,-38,-43,-38,-44,-42,-43,-38,-45,-39,-41,-42,-44,-39,-44,-41,-43,-41,-40,-41,-42,-41,-44,-40,-44,-44,-42,-42,-43,-44,-43,-40,-42,-41,-41,-45,-39,-39,-41,-41,-41,-43,-41,-41,-42,-42,-43,-40,-39,-40,-42,-45,-43,-43,-44,-42,-41,-41,-45,-43,-43,-41,-42,-45,-42,-42,-43,-45,-43,-42,-43,-41,-39,-39,-42,-43,-43,-44,-42,-39,-43,-42,-44,-43,-40,-39,-43,-43,-42,-40,-42,-43,-44,-43,-43,-41,-42,-43,-44,-43,-40,-39,-44,-41,-44,-45,-43,-44,-44,-45,-43,-43,-43,-40,-42
100,24,-44.95,7.233668342,2.689547981,0.190179762,"(-45.32, -44.58)",0.372745483,0.05,200,0,4,,200,0,200,,-40,-47,-47,-42,-47,-44,-43,-45,-42,-47,-45,-42,-44,-46,-45,-48,-47,-45,-45,-47,-44,-48,-46,-41,-43,-45,-42,-44,-46,-43,-45,-43,-47,-45,-48,-46,-45,-43,-45,-43,-41,-44,-45,-50,-49,-41,-45,-47,-41,-49,-49,-44,-44,-47,-45,-43,-38,-40,-47,-45,-41,-43,-40,-46,-41,-45,-45,-43,-47,-51,-47,-47,-50,-47,-47,-49,-48,-47,-53,-47,-45,-43,-44,-43,-46,-44,-44,-41,-48,-45,-45,-47,-45,-44,-46,-47,-44,-43,-44,-44,-47,-43,-44,-47,-42,-47,-47,-44,-46,-40,-45,-44,-45,-41,-47,-45,-44,-48,-44,-48,-42,-41,-44,-40,-47,-43,-46,-44,-44,-45,-44,-44,-47,-48,-43,-41,-45,-46,-39,-42,-48,-46,-42,-44,-46,-49,-41,-50,-44,-47,-41,-43,-44,-49,-45,-46,-40,-43,-48,-49,-47,-43,-52,-42,-46,-42,-47,-44,-45,-44,-46,-44,-44,-44,-47,-42,-44,-46,-44,-54,-46,-43,-51,-40,-48,-48,-51,-46,-46,-44,-42,-44,-44,-47,-43,-48,-44,-45,-42,-43
150,24,-47.78,12.65487437,3.557369024,0.251543976,"(-48.27, -47.29)",0.493017133,0.05,200,0,4,,200,0,200,,-48,-47,-50,-48,-46,-48,-48,-53,-43,-50,-49,-48,-47,-47,-47,-48,-48,-44,-46,-44,-41,-45,-46,-54,-47,-49,-47,-46,-49,-47,-52,-45,-47,-44,-52,-47,-54,-51,-46,-41,-43,-52,-54,-54,-54,-47,-47,-41,-42,-47,-45,-47,-43,-54,-47,-47,-41,-52,-47,-48,-51,-54,-47,-45,-47,-47,-47,-51,-46,-46,-48,-43,-48,-47,-42,-53,-44,-53,-50,-49,-48,-45,-51,-47,-51,-55,-48,-53,-46,-46,-43,-49,-45,-48,-46,-51,-45,-49,-45,-40,-47,-52,-49,-52,-50,-43,-52,-47,-51,-53,-45,-47,-51,-52,-45,-50,-39,-48,-49,-52,-49,-51,-42,-41,-51,-45,-48,-46,-46,-45,-46,-50,-52,-45,-46,-48,-45,-41,-48,-50,-46,-45,-46,-49,-49,-52,-48,-47,-49,-55,-52,-44,-53,-50,-47,-47,-49,-48,-51,-46,-42,-45,-47,-53,-44,-50,-52,-42,-45,-50,-55,-47,-46,-46,-49,-52,-56,-38,-42,-49,-45,-48,-43,-57,-52,-46,-47,-48,-52,-46,-46,-42,-47,-47,-51,-49,-54,-48,-50,-46
200,24,-50.825,5.190326633,2.278228837,0.161095106,"(-51.14, -50.51)",0.315740606,0.05,200,0,4,,200,0,200,,-51,-47,-51,-49,-50,-51,-51,-47,-48,-49,-47,-54,-49,-54,-56,-52,-51,-54,-48,-49,-52,-52,-50,-50,-49,-48,-48,-50,-50,-53,-51,-50,-53,-52,-47,-48,-53,-52,-55,-48,-51,-47,-51,-46,-54,-53,-52,-51,-52,-56,-49,-49,-50,-50,-52,-48,-52,-52,-52,-51,-50,-50,-53,-56,-51,-49,-52,-52,-48,-52,-49,-50,-54,-49,-52,-51,-49,-50,-52,-56,-54,-51,-48,-48,-50,-49,-49,-49,-52,-50,-49,-55,-50,-50,-50,-50,-50,-54,-52,-49,-50,-54,-53,-49,-51,-49,-49,-51,-49,-50,-52,-55,-53,-51,-50,-54,-53,-54,-54,-55,-53,-50,-52,-45,-51,-48,-53,-53,-55,-48,-49,-56,-53,-53,-53,-48,-50,-52,-49,-48,-48,-50,-49,-49,-52,-51,-56,-49,-50,-50,-52,-50,-51,-50,-50,-51,-53,-52,-54,-54,-49,-48,-48,-52,-56,-52,-52,-49,-50,-49,-48,-53,-50,-48,-52,-51,-49,-54,-50,-49,-52,-52,-49,-50,-51,-46,-48,-54,-52,-50,-52,-51,-48,-47,-47,-52,-53,-52,-52,-51
250,24,-53.855,7.782889447,2.789783047,0.197267451,"(-54.24, -53.47)",0.386637099,0.05,200,0,4,,200,0,200,,-53,-55,-57,-52,-57,-53,-52,-55,-51,-52,-55,-51,-52,-53,-55,-55,-54,-55,-59,-51,-57,-55,-52,-53,-51,-54,-55,-58,-52,-51,-56,-53,-50,-56,-56,-50,-57,-52,-48,-51,-55,-51,-52,-54,-55,-52,-57,-52,-56,-55,-61,-56,-52,-53,-57,-53,-56,-55,-53,-56,-54,-56,-51,-57,-51,-51,-56,-55,-56,-61,-49,-53,-54,-52,-61,-52,-52,-53,-52,-51,-54,-50,-56,-57,-57,-52,-54,-54,-60,-53,-56,-54,-51,-51,-61,-57,-58,-55,-55,-49,-52,-52,-53,-55,-49,-50,-54,-51,-53,-54,-57,-56,-55,-55,-55,-53,-58,-54,-55,-53,-57,-53,-58,-50,-57,-54,-54,-53,-56,-58,-57,-58,-56,-59,-51,-52,-59,-48,-55,-52,-53,-50,-54,-57,-52,-53,-55,-54,-55,-52,-50,-53,-52,-53,-50,-51,-56,-51,-55,-58,-58,-56,-54,-52,-49,-53,-57,-55,-57,-54,-52,-56,-55,-58,-51,-50,-53,-53,-53,-49,-54,-50,-49,-48,-54,-50,-50,-56,-54,-55,-47,-52,-52,-57,-55,-58,-54,-57,-53,-50
300,24,-57.135,4.750527638,2.179570517,0.154118909,"(-57.44, -56.83)",0.302067511,0.05,200,0,4,,200,0,200,,-57,-52,-56,-57,-55,-58,-56,-56,-55,-57,-57,-53,-56,-57,-57,-59,-55,-55,-54,-57,-59,-59,-61,-57,-62,-59,-58,-61,-60,-59,-59,-61,-60,-57,-57,-58,-54,-55,-58,-58,-58,-56,-61,-58,-54,-55,-58,-57,-56,-58,-59,-56,-58,-55,-57,-59,-57,-59,-55,-57,-53,-56,-59,-61,-58,-55,-52,-59,-55,-54,-58,-55,-58,-53,-58,-58,-53,-58,-57,-56,-60,-56,-58,-59,-56,-58,-55,-56,-55,-56,-52,-59,-58,-59,-59,-54,-59,-60,-56,-55,-61,-54,-55,-55,-55,-59,-58,-57,-56,-58,-56,-55,-58,-59,-59,-55,-54,-57,-56,-57,-56,-55,-58,-58,-58,-59,-58,-58,-60,-56,-56,-57,-58,-55,-60,-56,-56,-58,-54,-56,-54,-55,-59,-57,-59,-58,-57,-57,-61,-60,-55,-59,-54,-53,-61,-61,-57,-55,-58,-54,-59,-52,-59,-59,-57,-58,-58,-60,-62,-59,-55,-58,-56,-57,-59,-57,-58,-59,-57,-61,-57,-57,-57,-60,-60,-53,-54,-60,-53,-60,-57,-59,-58,-57,-54,-59,-59,-60,-58,-55
350,24,-58.005,10.01505025,3.164656419,0.223775001,"(-58.44, -57.57)",0.438590943,0.05,200,0,4,,200,0,200,,-57,-65,-59,-57,-58,-57,-53,-60,-61,-57,-59,-57,-60,-55,-57,-61,-61,-55,-59,-60,-59,-56,-55,-54,-59,-63,-66,-55,-60,-65,-59,-62,-58,-54,-62,-53,-58,-63,-58,-57,-59,-63,-61,-55,-52,-60,-53,-61,-54,-55,-58,-59,-56,-57,-58,-65,-51,-57,-57,-58,-57,-57,-57,-60,-58,-59,-52,-60,-57,-58,-59,-58,-57,-58,-56,-54,-57,-60,-63,-56,-58,-57,-60,-60,-62,-58,-55,-60,-54,-56,-52,-54,-56,-54,-59,-57,-54,-62,-61,-63,-60,-61,-57,-55,-59,-51,-59,-62,-61,-60,-59,-58,-59,-58,-54,-55,-52,-58,-65,-62,-56,-60,-55,-63,-57,-58,-53,-62,-60,-60,-52,-57,-55,-56,-62,-60,-65,-57,-53,-57,-56,-57,-54,-58,-60,-57,-57,-65,-59,-56,-61,-52,-59,-58,-56,-56,-58,-55,-58,-55,-55,-58,-55,-57,-63,-54,-57,-59,-57,-57,-59,-62,-61,-58,-59,-57,-59,-58,-56,-61,-55,-51,-58,-54,-57,-63,-60,-65,-59,-60,-60,-66,-51,-59,-58,-58,-59,-60,-61,-57
400,24,-58.785,4.531432161,2.128716083,0.150522958,"(-59.08, -58.49)",0.295019576,0.05,200,0,4,,200,0,200,,-58,-58,-59,-57,-60,-60,-58,-55,-59,-62,-55,-59,-60,-61,-60,-57,-55,-56,-58,-58,-56,-56,-61,-58,-61,-58,-55,-56,-55,-57,-60,-60,-56,-58,-58,-59,-58,-56,-61,-57,-56,-57,-58,-64,-57,-56,-57,-59,-60,-61,-59,-61,-59,-59,-59,-59,-56,-61,-57,-58,-55,-59,-59,-59,-57,-59,-55,-59,-56,-59,-61,-60,-62,-61,-58,-61,-57,-60,-60,-58,-59,-61,-61,-62,-60,-57,-59,-59,-60,-59,-59,-59,-58,-56,-59,-53,-63,-61,-62,-59,-58,-62,-58,-62,-57,-58,-55,-58,-58,-57,-60,-62,-60,-59,-57,-60,-60,-64,-61,-57,-59,-61,-59,-59,-61,-60,-57,-61,-62,-58,-57,-60,-57,-59,-60,-57,-57,-58,-56,-56,-61,-61,-58,-60,-60,-58,-58,-54,-61,-62,-57,-57,-64,-55,-63,-57,-59,-61,-59,-58,-60,-61,-60,-63,-60,-58,-55,-61,-61,-58,-58,-55,-58,-58,-57,-59,-59,-56,-59,-57,-62,-56,-59,-59,-58,-64,-61,-61,-59,-57,-59,-62,-61,-58,-61,-58,-60,-60,-59,-55
450,24,-58.77,4.248341709,2.061150579,0.145745355,"(-59.06, -58.48)",0.285655647,0.05,200,0,4,,200,0,200,,-57,-62,-56,-57,-59,-57,-58,-61,-58,-59,-58,-57,-61,-56,-57,-58,-61,-58,-56,-62,-58,-60,-58,-56,-62,-57,-61,-55,-60,-59,-58,-61,-59,-61,-57,-58,-58,-60,-58,-60,-58,-55,-53,-59,-58,-61,-59,-63,-62,-61,-56,-56,-56,-57,-61,-60,-58,-56,-59,-58,-59,-60,-60,-60,-61,-56,-58,-59,-60,-56,-60,-56,-60,-57,-60,-57,-59,-59,-56,-58,-60,-59,-61,-62,-57,-59,-57,-58,-62,-58,-57,-57,-59,-57,-58,-57,-63,-56,-59,-59,-56,-60,-59,-62,-58,-56,-59,-58,-61,-63,-59,-62,-58,-60,-62,-62,-57,-56,-62,-59,-60,-59,-60,-58,-58,-61,-60,-59,-60,-55,-57,-56,-55,-61,-62,-61,-59,-58,-59,-56,-60,-60,-58,-54,-60,-58,-61,-56,-59,-56,-58,-64,-60,-61,-56,-57,-61,-58,-59,-59,-55,-61,-61,-59,-61,-59,-59,-59,-60,-61,-58,-61,-59,-61,-61,-63,-63,-57,-56,-55,-58,-57,-57,-62,-59,-59,-56,-57,-60,-57,-58,-59,-57,-58,-59,-59,-62,-60,-58,-59
500,24,-59.71,4.297386935,2.073013974,0.146584224,"(-60, -59.42)",0.287299799,0.05,200,0,4,,200,0,200,,-60,-65,-59,-57,-58,-58,-57,-56,-61,-64,-59,-60,-62,-55,-60,-60,-60,-60,-57,-63,-59,-62,-58,-61,-61,-59,-62,-60,-60,-61,-62,-64,-62,-61,-62,-61,-63,-63,-62,-58,-59,-58,-57,-60,-57,-59,-60,-58,-58,-61,-58,-60,-56,-59,-63,-57,-58,-60,-63,-63,-58,-58,-57,-59,-58,-56,-60,-61,-62,-58,-60,-59,-60,-60,-60,-61,-62,-60,-60,-55,-56,-61,-61,-59,-61,-59,-57,-61,-62,-58,-62,-57,-62,-59,-60,-63,-62,-60,-57,-60,-59,-62,-59,-60,-60,-64,-59,-59,-59,-62,-58,-62,-59,-63,-60,-61,-58,-56,-60,-62,-58,-60,-57,-59,-59,-56,-57,-60,-60,-55,-55,-60,-59,-59,-58,-60,-60,-61,-58,-61,-61,-62,-60,-59,-59,-56,-60,-57,-63,-62,-61,-62,-61,-58,-56,-61,-58,-61,-62,-59,-60,-61,-62,-63,-63,-59,-60,-59,-62,-59,-57,-61,-64,-57,-62,-61,-59,-60,-57,-57,-59,-61,-58,-58,-61,-58,-62,-55,-62,-58,-62,-60,-60,-59,-60,-61,-59,-59,-57,-61
550,24,-60.71,6.116482412,2.473152323,0.174878278,"(-61.05, -60.37)",0.342755126,0.05,200,0,4,,200,0,200,,-59,-60,-57,-55,-59,-61,-59,-60,-64,-58,-60,-58,-59,-59,-61,-64,-59,-60,-59,-63,-59,-61,-64,-62,-61,-60,-64,-62,-63,-58,-60,-62,-61,-60,-57,-62,-60,-59,-57,-63,-63,-62,-58,-63,-63,-65,-62,-64,-62,-60,-61,-66,-60,-60,-60,-64,-62,-58,-60,-57,-63,-58,-58,-60,-59,-62,-60,-63,-58,-58,-65,-58,-58,-63,-59,-62,-62,-61,-65,-58,-61,-61,-62,-62,-62,-61,-58,-62,-63,-57,-62,-59,-61,-61,-60,-64,-64,-61,-67,-60,-62,-57,-57,-61,-63,-63,-66,-61,-57,-63,-63,-60,-55,-59,-61,-56,-63,-62,-60,-60,-60,-64,-58,-58,-61,-57,-60,-60,-60,-56,-59,-58,-67,-62,-64,-62,-60,-58,-60,-60,-60,-56,-64,-56,-62,-58,-66,-62,-62,-64,-63,-62,-63,-59,-59,-59,-61,-60,-58,-57,-61,-60,-63,-62,-60,-66,-61,-63,-61,-65,-56,-63,-64,-62,-59,-64,-59,-63,-58,-62,-61,-58,-58,-63,-60,-62,-60,-62,-56,-63,-66,-58,-62,-60,-59,-59,-57,-61,-62,-62
600,24,-61.94,4.137085427,2.033982652,0.143824293,"(-62.22, -61.66)",0.281890434,0.05,200,0,4,,200,0,200,,-62,-61,-61,-63,-58,-64,-64,-63,-59,-63,-58,-63,-63,-64,-64,-62,-62,-61,-62,-60,-61,-64,-60,-61,-63,-60,-64,-60,-63,-62,-65,-62,-61,-63,-61,-60,-62,-61,-63,-61,-64,-63,-60,-64,-63,-59,-59,-64,-64,-64,-63,-61,-66,-63,-63,-63,-63,-60,-61,-63,-64,-57,-59,-64,-59,-62,-58,-66,-63,-63,-61,-64,-60,-57,-61,-63,-63,-66,-63,-61,-64,-63,-61,-62,-63,-61,-60,-61,-67,-58,-62,-60,-63,-62,-61,-60,-59,-63,-58,-63,-62,-60,-59,-59,-62,-61,-64,-61,-61,-60,-63,-59,-61,-64,-57,-63,-63,-62,-62,-61,-64,-63,-58,-62,-65,-63,-62,-62,-61,-62,-61,-63,-63,-61,-60,-65,-66,-65,-64,-66,-67,-60,-60,-61,-60,-61,-64,-62,-60,-65,-61,-60,-61,-62,-65,-61,-62,-61,-61,-63,-60,-61,-62,-65,-61,-60,-60,-63,-61,-58,-60,-59,-62,-63,-61,-60,-63,-64,-62,-59,-61,-61,-63,-59,-62,-64,-66,-65,-64,-63,-62,-67,-61,-63,-64,-65,-61,-63,-63,-61
650,24,-64.53439153,12.68631093,3.561784796,0.259081721,"(-65.04, -64.03)",0.507790843,0.05,189,11,4,,200,0.055,200,,-62,-68,-68,-62,-61,-71,-66,-66,-64,-58,-62,-69,-67,-58,-56,-62,-63,-75,-71,-69,-65,-66,-65,-66,-66,-63,-59,-64,-55,-68,-61,-67,-68,-66,-62,-65,-64,-64,-65,-69,-66,-71,-58,-63,-59,-71,-66,-63,-61,-68,-63,-65,-59,-63,-65,-67,-66,-62,-62,-60,-68,-66,-61,-65,-66,-63,-60,-71,-60,-64,-61,-60,-64,-66,-66,-62,-66,-66,-63,-67,-62,-66,-63,-60,-67,-64,-67,-67,-68,-64,-64,-72,-66,-66,-69,-64,-65,-67,-66,-66,-61,-70,-69,-69,-65,-65,-71,-64,-62,-60,-64,-69,-68,-64,-64,-65,-74,-65,-63,-66,-60,-64,-63,-69,-67,-61,-62,-61,-62,-61,-63,-55,-64,-60,-63,-65,-63,-63,-63,-66,-61,-66,-67,-66,-64,-64,-68,-71,-60,-66,-63,-69,-67,-56,-62,-61,-66,-60,-65,-63,-63,-68,-60,-62,-68,-67,-61,-59,-67,-67,-66,-60,-65,-69,-66,-72,-64,-63,-68,-66,-61,-63,-62,-60,-64,-74,-62,-66,-64,,,,,,,,,,,
700,24,-65.71666667,8.125977654,2.850610049,0.212471928,"(-66.13, -65.3)",0.416437327,0.05,180,20,4,,200,0.1,200,,-65,-66,-67,-61,-65,-64,-61,-71,-66,-62,-62,-67,-64,-69,-67,-66,-66,-68,-64,-59,-61,-68,-65,-63,-63,-62,-70,-60,-66,-62,-68,-61,-65,-67,-64,-60,-64,-62,-62,-63,-64,-70,-67,-64,-68,-64,-69,-66,-68,-65,-65,-68,-68,-67,-63,-67,-64,-65,-62,-71,-68,-64,-69,-66,-64,-67,-65,-67,-67,-63,-64,-67,-60,-64,-67,-64,-64,-67,-61,-62,-68,-66,-70,-68,-61,-66,-67,-68,-61,-67,-64,-68,-64,-64,-69,-63,-62,-64,-67,-67,-63,-65,-66,-67,-64,-74,-64,-64,-69,-60,-68,-68,-68,-65,-64,-67,-64,-67,-64,-69,-66,-66,-63,-67,-66,-70,-66,-68,-62,-67,-66,-71,-70,-71,-69,-62,-64,-66,-66,-67,-66,-68,-73,-67,-66,-68,-61,-65,-69,-70,-67,-69,-66,-68,-64,-63,-71,-64,-67,-70,-62,-68,-64,-65,-64,-64,-64,-66,-61,-69,-70,-69,-69,-64,-64,-70,-69,-69,-66,-62,,,,,,,,,,,,,,,,,,,,
,,,,,,,,,,,,,,,,,,,,,,,,,,,,,,,,,,,,,,,,,,,,,,,,,,,,,,,,,,,,,,,,,,,,,,,,,,,,,,,,,,,,,,,,,,,,,,,,,,,,,,,,,,,,,,,,,,,,,,,,,,,,,,,,,,,,,,,,,,,,,,,,,,,,,,,,,,,,,,,,,,,,,,,,,,,,,,,,,,,,,,,,,,,,,,,,,,,,,,,,,,,,,,,,,,,,,,,,
,,,,,,,,,,,,,,,,,,,,,,,,,,,,,,,,,,,,,,,,,,,,,,,,,,,,,,,,,,,,,,,,,,,,,,,,,,,,,,,,,,,,,,,,,,,,,,,,,,,,,,,,,,,,,,,,,,,,,,,,,,,,,,,,,,,,,,,,,,,,,,,,,,,,,,,,,,,,,,,,,,,,,,,,,,,,,,,,,,,,,,,,,,,,,,,,,,,,,,,,,,,,,,,,,,,,,,,,
Fresnel Zone,,,,,,,,,,,,,,,,,,,,,,,,,,,,,,,,,,,,,,,,,,,,,,,,,,,,,,,,,,,,,,,,,,,,,,,,,,,,,,,,,,,,,,,,,,,,,,,,,,,,,,,,,,,,,,,,,,,,,,,,,,,,,,,,,,,,,,,,,,,,,,,,,,,,,,,,,,,,,,,,,,,,,,,,,,,,,,,,,,,,,,,,,,,,,,,,,,,,,,,,,,,,,,,,,,,,,,,,
f,902 to 928 MHz,,,,,,,,,,,,,,,,,,,,,,,,,,,,,,,,,,,,,,,,,,,,,,,,,,,,,,,,,,,,,,,,,,,,,,,,,,,,,,,,,,,,,,,,,,,,,,,,,,,,,,,,,,,,,,,,,,,,,,,,,,,,,,,,,,,,,,,,,,,,,,,,,,,,,,,,,,,,,,,,,,,,,,,,,,,,,,,,,,,,,,,,,,,,,,,,,,,,,,,,,,,,,,,,,,,,,,,
Wavelength (m),0.325,0.325,0.325,0.325,0.325,0.325,0.325,0.325,0.325,0.325,0.325,0.325,0.325,0.325,,,,,,,,,,,,,,,,,,,,,,,,,,,,,,,,,,,,,,,,,,,,,,,,,,,,,,,,,,,,,,,,,,,,,,,,,,,,,,,,,,,,,,,,,,,,,,,,,,,,,,,,,,,,,,,,,,,,,,,,,,,,,,,,,,,,,,,,,,,,,,,,,,,,,,,,,,,,,,,,,,,,,,,,,,,,,,,,,,,,,,,,,,,,,,,,,,,,,,,,,,
,,,,,,,,,,,,,,,,,,,,,,,,,,,,,,,,,,,,,,,,,,,,,,,,,,,,,,,,,,,,,,,,,,,,,,,,,,,,,,,,,,,,,,,,,,,,,,,,,,,,,,,,,,,,,,,,,,,,,,,,,,,,,,,,,,,,,,,,,,,,,,,,,,,,,,,,,,,,,,,,,,,,,,,,,,,,,,,,,,,,,,,,,,,,,,,,,,,,,,,,,,,,,,,,,,,,,,,,
,,,,,,,,,,,,,,,,,,,,,,,,,,,,,,,,,,,,,,,,,,,,,,,,,,,,,,,,,,,,,,,,,,,,,,,,,,,,,,,,,,,,,,,,,,,,,,,,,,,,,,,,,,,,,,,,,,,,,,,,,,,,,,,,,,,,,,,,,,,,,,,,,,,,,,,,,,,,,,,,,,,,,,,,,,,,,,,,,,,,,,,,,,,,,,,,,,,,,,,,,,,,,,,,,,,,,,,,
Distance,50,100,150,200,250,300,350,400,450,500,550,600,650,700,,,,,,,,,,,,,,,,,,,,,,,,,,,,,,,,,,,,,,,,,,,,,,,,,,,,,,,,,,,,,,,,,,,,,,,,,,,,,,,,,,,,,,,,,,,,,,,,,,,,,,,,,,,,,,,,,,,,,,,,,,,,,,,,,,,,,,,,,,,,,,,,,,,,,,,,,,,,,,,,,,,,,,,,,,,,,,,,,,,,,,,,,,,,,,,,,,,,,,,,,,
Mid Radius of 1st Fresnel Zone,2.015564437,2.850438563,3.491060011,4.031128874,4.506939094,4.937104415,5.332682252,5.700877125,6.046693311,6.373774392,6.684870979,6.982120022,7.267220927,7.541551564,,,,,,,,,,,,,,,,,,,,,,,,,,,,,,,,,,,,,,,,,,,,,,,,,,,,,,,,,,,,,,,,,,,,,,,,,,,,,,,,,,,,,,,,,,,,,,,,,,,,,,,,,,,,,,,,,,,,,,,,,,,,,,,,,,,,,,,,,,,,,,,,,,,,,,,,,,,,,,,,,,,,,,,,,,,,,,,,,,,,,,,,,,,,,,,,,,,,,,,,,,